"site","scale","area.Arable and horticulture","area.Broadleaf woodland","area.Coniferous woodland","area.Improved grassland"
"ST7600032936",500,0,0.236056614316813,0.312623525891965,0.451319859791222
"ST7594132635",500,0,0.21927145512608,0.543987750641228,0.236740794232692
"ST7558533053",500,0,0.285823432086421,0.519269682645807,0.194906885267773
"ST7563133004",500,0,0.279329563033934,0.511428581330859,0.209241855635207
"ST7599532629",500,0,0.209540341291468,0.532379879168496,0.258079779540036
"ST7611032751",500,0,0.207141118435952,0.375097743621951,0.416408450906815
"ST7516133894",500,0,0.0701289780033455,0.667008332825874,0.26286268917078
"ST7492533597",500,0,0.263520842681439,0.626135878789597,0.110343278528965
"ST7455135810",500,0.0587777956831697,0.115592593468345,0.692749834399925,0.13287977644856
"ST7460735809",500,0.0830788292074687,0.0977154021389199,0.720013960706738,0.0991918079468732
"ST7546033171",500,0,0.301995674431696,0.520279251967836,0.177725073600468
"ST7546733054",500,0,0.34631273896676,0.524233444039324,0.129453816993916
"ST7533433668",500,0,0.0941869019691354,0.609716636373528,0.296096461657336
"ST7546033412",500,0,0.20793455882785,0.497467360625212,0.294598080546938
"ST7532436239",500,0.128121072049338,0.0135941957671541,0.67718367638274,0.181101055800768
"ST7536336131",500,0.243572280527279,0.00895959813607957,0.658167384613005,0.0893007367236367
"ST7491135929",500,0.194066610358102,0.0270639345602032,0.676434404029336,0.102435051052359
"ST7496835930",500,0.232472870598679,0.0278869413898415,0.646064829648231,0.0935753583632488
"ST7533436050",500,0.312832415274553,0.00895959813607899,0.622116195084126,0.0560917915052418
"ST7527336046",500,0.285720622905159,0.00895959813607905,0.634029483296053,0.0712902956627091
"ST7576432634",500,0,0.251880547518402,0.556686653434275,0.191432799047323
"ST7504433474",500,0,0.284965635366849,0.676098056601134,0.0389363080320164
"ST7504433714",500,0,0.150267195023582,0.655356879112261,0.194375925864157
"ST7498433894",500,0,0.104451085325132,0.704145421240292,0.191403493434576
"ST7492433834",500,0,0.160507207474611,0.655135495591844,0.184357296933545
"ST7504436114",500,0.112861454561807,0.0094966128416721,0.647418128730116,0.230223803866405
"ST7516436114",500,0.164358411689308,0.00901310230268647,0.653058134261597,0.173570351746409
"ST7486436294",500,0,0.0100548089167887,0.533524303359023,0.456420887724188
"ST7492436294",500,0,0.0100548089167887,0.556105995202444,0.433839195880768
"ST7516433354",500,0,0.296684426256956,0.626142232772769,0.0771733409702752
"ST7498436294",500,0,0.0102770505743565,0.578739060839291,0.410983888586353
"ST7480436234",500,0,0.00664511374671626,0.580631033761416,0.412723852491868
"ST7534433354",500,0,0.246184105964513,0.558706996138262,0.195108897897225
"ST7486436234",500,0,0.010053028661511,0.599421502210192,0.390525469128297
"ST7522436234",500,0.0901843721972114,0.0175981365730932,0.667851416517271,0.224366074712424
"ST7492436174",500,0.0151289972494037,0.00653899370290266,0.65236167487912,0.325970334168574
"ST7528433474",500,0,0.189174383912886,0.617797904830481,0.193027711256633
"ST7534433474",500,0,0.181661949926886,0.585658337994373,0.232679712078741
"ST7546433474",500,0,0.175878773862916,0.500597975210931,0.323523250926153
"ST7540433534",500,0,0.138367079859921,0.559425945404661,0.302206974735418
"ST7522433594",500,0,0.137505601480244,0.648302151194947,0.214192247324809
"ST7516433774",500,0,0.0700369905780943,0.680849369563764,0.249113639858142
"ST7588432274",500,0,0.0826218641200396,0.454886136637871,0.46249199924209
"ST7522433714",500,0,0.0821050371298588,0.666437033264818,0.251457929605324
"ST7576432394",500,0,0.0862219317881306,0.505677254213458,0.408100813998412
"ST7636434494",500,0,0.185639493770815,0.358092186802214,0.387810416922903
"ST7636434434",500,0,0.195048036553924,0.328957229188373,0.38407256365652
"ST7642434434",500,0,0.240396542878004,0.294813510675342,0.388171500183382
"ST7642434374",500,0,0.252958227555816,0.263437448457649,0.384480701550426
"ST7570432454",500,0,0.107232802685709,0.515182632551769,0.377584564762522
"ST7648434374",500,0,0.301518428006948,0.232067580957903,0.38631809677386
"ST7648434314",500,0,0.302669286587508,0.209580601916995,0.387590362369772
"ST7564434734",500,0,0.0533017239951468,0.914017646041782,0.0326806299630711
"ST7612434674",500,0,0.07539195051938,0.604753393885054,0.28988199478385
"ST7618434674",500,0,0.084892216998079,0.556441500219936,0.328808997486612
"ST7618434614",500,0,0.0888152419669049,0.543013802384364,0.324041951776297
"ST7516434554",500,0,0.0694629676010939,0.896132075858199,0.0344049565407068
"ST7522434554",500,0,0.0482934238588587,0.929226350135027,0.0224802260061143
"ST7624434554",500,0,0.121340175688978,0.46754921816022,0.347741529283588
"ST7630434494",500,0,0.15347909235941,0.396702566444509,0.36992176914298
"ST7618432634",500,0,0.196372931958844,0.405099943006862,0.396961857160039
"ST7496634827",500,0.00790068853946433,0.197366259915918,0.778814136567179,0.0159189149774388
"ST7546434794",500,0,0.0402200862924982,0.956327966005183,0.00345194770231902
"ST7558434794",500,0,0.0641517553162647,0.927036500676008,0.00881174400772763
"ST7564432574",500,0,0.195877136951107,0.515552178896427,0.288570684152466
"ST7606434794",500,0,0.0819748078593391,0.651404683609884,0.236777470713146
"ST7576432574",500,0,0.226228550263525,0.553712886092251,0.220058563644224
"ST7498434734",500,0,0.157818571151746,0.841877432350193,0.000303996498061094
"ST7504434734",500,0,0.139601343490197,0.860398656509804,0
"ST7552434734",500,0,0.033874983532943,0.966125016467057,0
"ST7558434734",500,0,0.041875150854879,0.949274748441311,0.00885010070380982
"ST7534434914",500,0.00569129155259886,0.0627611997138262,0.888238304422037,0.0433092043115379
"ST7618432694",500,0,0.199011037173814,0.35755235065651,0.436613484940258
"ST7540434914",500,0.000793816786267074,0.0637705306828322,0.879764186696747,0.0556714658341541
"ST7600434914",500,0,0.101913645569634,0.657116552242132,0.212666524800235
"ST7492434854",500,0.0162242550161685,0.226888482109201,0.734648148763887,0.022239114110743
"ST7522434854",500,0.00185875903791838,0.0658069266618211,0.929507152009741,0.00282716229051944
"ST7540434854",500,0,0.0416153276687251,0.935419659955108,0.0229650123761671
"ST7552432694",500,0,0.273678562888884,0.477743503665712,0.248577933445404
"ST7546434854",500,0,0.0503788198024722,0.919555061117854,0.0300661190796741
"ST7606434854",500,0,0.0967790805201961,0.649079067788638,0.224298813873535
"ST7504434974",500,0.0759002297921217,0.192309845659269,0.711027235213643,0.0207626893349663
"ST7522434974",500,0.0561080847697912,0.0807809958562875,0.822505322541536,0.0406055968323851
"ST7528434974",500,0.0427624608174362,0.067877323420244,0.83502313859187,0.0543370771704499
"ST7588434974",500,0,0.0828060893010958,0.711631967378482,0.196090209076319
"ST7597532791",500,0,0.239992338697646,0.449834813591902,0.310172847710453
"ST7594432694",500,0,0.235593508333762,0.517727325275373,0.246679166390865
"ST7594434974",500,0,0.0950930384112662,0.666855683598585,0.221451346260671
"ST7489834968",500,0.063948180543698,0.26115754212973,0.650686354843547,0.0242079224830253
"ST7510434914",500,0.0401645678350432,0.153406865748645,0.794887045039488,0.0115415213768238
"ST7564432754",500,0,0.295382225023516,0.533596090708046,0.171021684268438
"ST7516434914",500,0.0328416205384279,0.109697351866765,0.842737355752638,0.0147236718421686
"ST7570432754",500,0,0.288827863304682,0.542421324488655,0.168750812206664
"ST7570435094",500,0.00275943350657244,0.0954016695796757,0.67803665004434,0.223802246869411
"ST7576435094",500,0,0.0874269749508277,0.65365395638947,0.258919068659702
"ST7581632758",500,0,0.261326301646301,0.538238926405936,0.200434771947763
"ST7582432754",500,0,0.259737482674,0.538058135827451,0.202204381498549
"ST7498435034",500,0.109579292654665,0.226958176756949,0.635993178970778,0.027469351617607
"ST7522435034",500,0.0979872118655524,0.0735634812899781,0.766060096279074,0.0623892105653953
"ST7576435034",500,0,0.0784115590390527,0.72320382646582,0.198384614495128
"ST7582435034",500,0,0.0781016793979836,0.697314767499719,0.224579132569707
"ST7588435034",500,0,0.0861425654851043,0.662713813533621,0.246347520580523
"ST7607132839",500,0,0.226829189464172,0.333114659843411,0.439336445309045
"ST7612432874",500,0,0.21475447268813,0.27139338095959,0.503285727923143
"ST7486435025",500,0.088667100909019,0.271568877465002,0.615556099142953,0.0242079224830256
"ST7426435814",500,0.00318547981348702,0.129050778662225,0.472695949466256,0.395067792058031
"ST7420435754",500,0.00137046318729417,0.129024585984155,0.408907291287509,0.460697659541043
"ST7426435754",500,0,0.140607637498829,0.470061333537837,0.389331028963334
"ST7576432814",500,0,0.268029632591907,0.530383972487166,0.201586394920927
"ST7426435694",500,0,0.152566909208307,0.458716342191019,0.388716748600674
"ST7420435574",500,0,0.163859318520385,0.363781027618232,0.472359653861382
"ST7420435514",500,0,0.167345693217105,0.360402344243384,0.47225196253951
"ST7546432934",500,0,0.366790293237704,0.494236677694932,0.138973029067363
"ST7558435094",500,0.029731711953407,0.108993419180713,0.678613731781796,0.182661137084084
"ST7564435094",500,0.0123694785574983,0.10583313795352,0.684031683108977,0.197765700380004
"ST7474435994",500,0.0597052385806405,0.0288136212154861,0.714065891691715,0.197415248512158
"ST7480435994",500,0.0862481102893382,0.0232982916397232,0.712907147347467,0.177546450723472
"ST7486435994",500,0.118045147776107,0.0223080568942611,0.695392618620907,0.164254176708725
"ST7570432874",500,0,0.279915326361333,0.515715502089557,0.204369171549109
"ST7492435994",500,0.151401793565991,0.0251351226245026,0.671740891324916,0.151722192484591
"ST7576432874",500,0,0.256709935786401,0.510790698690798,0.232499365522801
"ST7498435994",500,0.188413934775433,0.0254391104418473,0.646831648432572,0.139315306350148
"ST7582432874",500,0,0.241025533153505,0.494067367332289,0.264907099514207
"ST7504435994",500,0.225968652679428,0.0211291377958016,0.629267322341438,0.123634887183332
"ST7570433114",500,0,0.215573892865865,0.460432856740788,0.323993250393346
"ST7468435934",500,0.0659009194377705,0.0432502787054985,0.730161351431606,0.160687450425125
"ST7474435934",500,0.0911996483125804,0.0315898460876352,0.742051803189877,0.135158702409908
"ST7522436114",500,0.191152592553822,0.00895959813607903,0.663832806855135,0.136055002454964
"ST7480436054",500,0.0491625777246151,0.0204418294458102,0.691461561703141,0.238934031126434
"ST7486436054",500,0.0754722535573986,0.0188924011809092,0.683133188850243,0.22250215641145
"ST7492436054",500,0.103562096314008,0.0216991038689104,0.668101232443926,0.206637567373156
"ST7576533004",500,0,0.237277908883161,0.465338043112722,0.297384048004117
"ST7576432994",500,0,0.238892883759481,0.468897112373084,0.292210003867434
"ST7498436054",500,0.135631047101705,0.0206968788173676,0.652384640652744,0.191287433428183
"ST7504436054",500,0.16857303893476,0.015698505090919,0.641389963068483,0.174338492905838
"ST7516436054",500,0.224561626943286,0.00895959813607975,0.641831809755493,0.124646965165141
"ST7468435994",500,0.0411672413432315,0.0408835744119201,0.696372915436471,0.221576268808378
"ST7522433294",500,0,0.316572157503519,0.586401849601308,0.0970259928951723
"ST7498436174",500,0.0359371442735116,0.0145894656698891,0.64732233722697,0.30215105282963
"ST7516436174",500,0.111103667955182,0.0138581926612285,0.654990677429077,0.220047461954512
"ST7528433234",500,0,0.348507941563626,0.54457522818842,0.106916830247954
"ST7486436114",500,0.0339655704788558,0.0129650564396685,0.667399486713547,0.285669886367929
"ST7492436114",500,0.0567982602036729,0.013290910162834,0.662743816186305,0.267167013447188
"ST7498436114",500,0.0834717800114028,0.0128804463628992,0.654651000737543,0.248996772888155
"ST7600032936",1500,0.0661108562548799,0.230817911810278,0.232468360400742,0.433701977010378
"ST7594132635",1500,0.0491106520586157,0.225795345116032,0.207572231105709,0.485093967135612
"ST7558533053",1500,0.011102215402766,0.244034894025196,0.310457349551453,0.405216289097115
"ST7563133004",1500,0.0139185794123705,0.241244947772208,0.29809988050983,0.417340422289504
"ST7599532629",1500,0.0570547056786311,0.220519349604381,0.195323069233167,0.493821922945293
"ST7611032751",1500,0.0814400056671997,0.222808909779295,0.183182012557766,0.476764979976149
"ST7516133894",1500,0.0300087409584354,0.231231978417662,0.426234121568969,0.29058086057522
"ST7492533597",1500,0.0268023085070368,0.227483775462556,0.385537003331256,0.341548507310287
"ST7455135810",1500,0.0879939051023428,0.0816385950629824,0.300433705478552,0.529933794356123
"ST7460735809",1500,0.0928171645173021,0.0840503831352519,0.311254400466423,0.511878051881023
"ST7546033171",1500,0.0126921197855222,0.235944302379113,0.341036681837802,0.381192259353789
"ST7546733054",1500,0.0126921197855225,0.237997572848627,0.322531204927746,0.39764446579433
"ST7533433668",1500,0.0185438430558396,0.220706147952185,0.427228891379417,0.307235102326956
"ST7546033412",1500,0.0129641738098387,0.229315584877905,0.395392625334468,0.332504545932258
"ST7532436239",1500,0.233975234220458,0.0827562816006844,0.337395764123782,0.345872720055075
"ST7536336131",1500,0.237547644502495,0.0872512758111299,0.347334016669788,0.327867063016588
"ST7491135929",1500,0.143984719085741,0.0961439377947805,0.338614401664593,0.421256941454885
"ST7496835930",1500,0.153979392757126,0.0968138499425178,0.345435276223605,0.403771481076751
"ST7533436050",1500,0.227082442674419,0.0921451071010847,0.354771935435804,0.326000514788693
"ST7527336046",1500,0.214339805965389,0.093385175976443,0.352562160025685,0.339712858032483
"ST7576432634",1500,0.0248012493344635,0.233271221663546,0.24885191195564,0.464232200274921
"ST7504433474",1500,0.0268023085070375,0.222312942796743,0.382290533693724,0.34996580961363
"ST7504433714",1500,0.0268023085070373,0.217249442899926,0.410715678598585,0.326604164605586
"ST7498433894",1500,0.0310133960662668,0.229434175117619,0.412418767225641,0.308297946441208
"ST7492433834",1500,0.0280219639441524,0.229904319894272,0.40196063334474,0.321484677427971
"ST7504436114",1500,0.180734320432498,0.0952580594772463,0.324978356716921,0.399029263373334
"ST7516436114",1500,0.200220580277521,0.0921197137781699,0.33638838928695,0.371271316657359
"ST7486436294",1500,0.151206736520987,0.084716907078055,0.293485674302,0.468700051755069
"ST7492436294",1500,0.16219163992254,0.0857885084851192,0.300258418014418,0.450575662467217
"ST7516433354",1500,0.02401976339734,0.219789246797831,0.376024676259008,0.359302232242671
"ST7498436294",1500,0.17316762315591,0.0859324253548163,0.30666597687982,0.433766265501947
"ST7480436234",1500,0.139122120149038,0.0858482694842151,0.289321650232063,0.484971578457188
"ST7534433354",1500,0.0158441194302304,0.223931563129234,0.383203932403852,0.350555444117124
"ST7486436234",1500,0.150297791618173,0.0880810480944191,0.295976526631216,0.465384551542332
"ST7522436234",1500,0.215012378918089,0.0855395811113315,0.3305425756364,0.368905464334179
"ST7492436174",1500,0.160276385521722,0.0919191285672722,0.306829791686379,0.440974694224627
"ST7528433474",1500,0.0197780594286458,0.215164363640542,0.403219792792291,0.338023150766612
"ST7534433474",1500,0.0169405055364449,0.21746059694031,0.406652564523194,0.333120540248902
"ST7546433474",1500,0.0130092363449622,0.228387537997445,0.406485782258965,0.320934628269177
"ST7540433534",1500,0.0148397324449924,0.222100459692818,0.414434116368567,0.319301064594563
"ST7522433594",1500,0.0235100515604197,0.212222048805056,0.415313166127436,0.32807296615497
"ST7516433774",1500,0.0261388063968706,0.216523445446866,0.428714853356171,0.307234107720008
"ST7588432274",1500,0.0306535359590063,0.207265360579627,0.205513928211455,0.536294963529175
"ST7522433714",1500,0.0238735325905162,0.2173543157655,0.426178971816152,0.310788760315657
"ST7576432394",1500,0.0210565477542167,0.224098434471739,0.232498759709051,0.499225641755145
"ST7636434494",1500,0.213129982322089,0.165917091534399,0.251419815427126,0.326256384296684
"ST7636434434",1500,0.200949329693641,0.169357394854951,0.256010944207096,0.327770854820389
"ST7642434434",1500,0.206999487696008,0.168027679718421,0.239411046765623,0.338421032245476
"ST7642434374",1500,0.197747664121537,0.170871836782051,0.243694451765406,0.338920970081812
"ST7570432454",1500,0.0156946088927639,0.235094364781207,0.245994140978382,0.481201581029803
"ST7648434374",1500,0.205786403547238,0.16972519057222,0.225772593823021,0.348963224343681
"ST7648434314",1500,0.200013740802525,0.173261373031616,0.22858783833686,0.348652908102686
"ST7564434734",1500,0.183973354653073,0.146771246165834,0.418153941556084,0.229157159145295
"ST7612434674",1500,0.255248655988205,0.145676477657811,0.287458094271886,0.273772764151606
"ST7618434674",1500,0.256598370161558,0.146996690644086,0.27512163175413,0.282396229180139
"ST7618434614",1500,0.240875595650868,0.154629671871959,0.279150985320192,0.287276583355381
"ST7516434554",1500,0.0710808974669072,0.1903167333231,0.440222342803339,0.27643572792694
"ST7522434554",1500,0.0762143000108477,0.188782578510251,0.439551190593742,0.273507632405445
"ST7624434554",1500,0.223240954298173,0.160091500153914,0.274230054865404,0.303546850754569
"ST7630434494",1500,0.209011279180241,0.165511235266197,0.266664694786437,0.31755002654734
"ST7618432634",1500,0.0914301160170619,0.205690310807743,0.157140133278771,0.51011799223695
"ST7496634827",1500,0.0764768117842812,0.163261451522916,0.464659496704233,0.280212859805607
"ST7546434794",1500,0.154519932339098,0.143793678091257,0.453484408547403,0.226257682542528
"ST7558434794",1500,0.180811748374375,0.142979295071155,0.433311529287249,0.220953128787505
"ST7564432574",1500,0.0121310325397045,0.239038480941774,0.263088811744704,0.462506161011501
"ST7606434794",1500,0.268689878980341,0.139573296054781,0.305588510117246,0.251345111010978
"ST7576432574",1500,0.0241669851477662,0.234015179383123,0.243147238410166,0.472295616989568
"ST7498434734",1500,0.0729757212848205,0.17272342733936,0.459012069889086,0.275677929328033
"ST7504434734",1500,0.0767582857953507,0.169189683589487,0.463436704753996,0.268970298752081
"ST7552434734",1500,0.15862021106881,0.146479193416792,0.439495364149297,0.233460932885386
"ST7558434734",1500,0.171429007471407,0.145853840378052,0.42958328032926,0.231189573341567
"ST7534434914",1500,0.14457921438303,0.132540480452733,0.477131115276435,0.223804891408088
"ST7618432694",1500,0.0932187133755183,0.212904470195879,0.162367913027265,0.494870139713975
"ST7540434914",1500,0.157358454414585,0.132710785253525,0.470518633770853,0.217467828081323
"ST7600434914",1500,0.272339284392905,0.144206596915862,0.3279817620064,0.227115066688811
"ST7492434854",1500,0.0751787161371422,0.160204670020834,0.460668701899334,0.291836991377355
"ST7522434854",1500,0.114583845890652,0.14231476286341,0.479699112482599,0.241457980283625
"ST7540434854",1500,0.149749784634251,0.138321388410857,0.466755643081342,0.223228885393835
"ST7552432694",1500,0.0113195669246203,0.241424776695621,0.277419669151522,0.445154050556314
"ST7546434854",1500,0.162749648729289,0.13992910065086,0.458567377739689,0.216809574400448
"ST7606434854",1500,0.273639628566109,0.140577268376917,0.307941009690362,0.244916093424267
"ST7504434974",1500,0.0966115603301356,0.141957635028643,0.469688087855231,0.278450384983824
"ST7522434974",1500,0.127294340686323,0.133917528261187,0.479300374355047,0.239664184726326
"ST7528434974",1500,0.139153808559542,0.13074936329796,0.478785441706585,0.22977014229534
"ST7588434974",1500,0.261555005671823,0.142184050132379,0.367943268357045,0.206069558340375
"ST7597532791",1500,0.0587188093271161,0.227633271318666,0.21762668512558,0.461299380945235
"ST7594432694",1500,0.0510707568599914,0.226508073133969,0.213190061883862,0.475163313739886
"ST7594434974",1500,0.269624293679234,0.143644226671288,0.348546299926713,0.214288730390592
"ST7489834968",1500,0.0782309794972861,0.148831058601328,0.456008859872387,0.310204717651432
"ST7510434914",1500,0.100325179033769,0.142706934097765,0.47843021338286,0.260462353849826
"ST7564432754",1500,0.0154557714539829,0.237727202992309,0.271978189579884,0.445633840344391
"ST7516434914",1500,0.110036491446244,0.139897741018409,0.481210539018468,0.248715831419123
"ST7570432754",1500,0.0195931094299863,0.234017173676536,0.266322335967756,0.449530327699465
"ST7570435094",1500,0.240306439345944,0.132608331000355,0.42315715273216,0.181983778441826
"ST7576435094",1500,0.250969723832856,0.131822425779483,0.410986482404874,0.184277069503073
"ST7581632758",1500,0.0331267953047449,0.228098291144236,0.250671542478658,0.455477635666443
"ST7582432754",1500,0.0342512226482013,0.227764098172081,0.248766434409498,0.456406600234414
"ST7498435034",1500,0.0927656387979111,0.139798107132556,0.460517496068287,0.298305571106575
"ST7522435034",1500,0.133306126978399,0.128597482867268,0.475439731700872,0.245088544856268
"ST7576435034",1500,0.246370481740413,0.135716176795896,0.406351754285725,0.189617288698252
"ST7582435034",1500,0.256187025742195,0.136086567741335,0.391040365907783,0.194716079561658
"ST7588435034",1500,0.265527911176362,0.136312258976822,0.373706546077338,0.202045927873404
"ST7607132839",1500,0.0768656860674226,0.229258787507004,0.201526138687169,0.455741408026349
"ST7612432874",1500,0.0868153700592921,0.228836948768947,0.19468320765464,0.451420635806327
"ST7486435025",1500,0.0786955602179933,0.142961634720591,0.450191345125795,0.324517630375969
"ST7426435814",1500,0.0682126152428192,0.0823278139094301,0.240659577274061,0.60879999357369
"ST7420435754",1500,0.0632402893620933,0.0883446887874362,0.236300909025776,0.612114112824695
"ST7426435754",1500,0.0665646588258802,0.0882769224656031,0.248791539213188,0.596366879495329
"ST7576432814",1500,0.0263778508001767,0.230286862882284,0.262900055968831,0.448805519080072
"ST7426435694",1500,0.0662360757419818,0.0941007068584193,0.257701790276483,0.581961427123116
"ST7420435574",1500,0.0621627485232385,0.101572937575234,0.263022766275214,0.573241547626313
"ST7420435514",1500,0.0616026082635781,0.103005680623567,0.270010625627521,0.565381085485334
"ST7546432934",1500,0.0126820468549294,0.239182461141839,0.308015540168913,0.410985315190545
"ST7558435094",1500,0.216734638635971,0.130968313994729,0.442473484508213,0.187887412846269
"ST7564435094",1500,0.228629932556489,0.133066738771901,0.433224936490142,0.183134093701754
"ST7474435994",1500,0.121973455188934,0.0904177489218265,0.306157507740999,0.481451288148241
"ST7480435994",1500,0.132070727802642,0.09257516421263,0.315053001589806,0.460301106394923
"ST7486435994",1500,0.142041798915047,0.0944572447281444,0.323459771803339,0.440041184553469
"ST7570432874",1500,0.0201673083161513,0.233034725680657,0.275074847584696,0.441663705376039
"ST7492435994",1500,0.152629418459778,0.0963967017714124,0.330681705468368,0.420292174300441
"ST7576432874",1500,0.0265278365796476,0.231452699150491,0.267432305364927,0.442925472218618
"ST7498435994",1500,0.16298964106345,0.097261423781664,0.337604133701954,0.402144801452931
"ST7582432874",1500,0.034286576070536,0.229237179484224,0.259497404983648,0.444004031020395
"ST7504435994",1500,0.173461295111844,0.0970890771596663,0.34380066678184,0.38564896094665
"ST7570433114",1500,0.0169206156058275,0.246042328790345,0.309745030262468,0.396508024785901
"ST7468435934",1500,0.110466563484271,0.0900710294028119,0.30441054656124,0.495051860551677
"ST7474435934",1500,0.117801576772257,0.0917318961710987,0.314305429791463,0.476161097265181
"ST7522436114",1500,0.209865653298645,0.0908916507823237,0.34090410366536,0.358338592253671
"ST7480436054",1500,0.134524423086371,0.092911130656489,0.306044409605511,0.46652003665163
"ST7486436054",1500,0.145711344378222,0.0946344344016645,0.314056617865137,0.445597603354976
"ST7492436054",1500,0.156779212232893,0.0960722002254698,0.321436360401506,0.425712227140131
"ST7576533004",1500,0.025575496796029,0.238455840291687,0.283315740588172,0.421290200487541
"ST7576432994",1500,0.0256214757598803,0.237928545642856,0.281810695601994,0.423287626794769
"ST7498436054",1500,0.167520803956611,0.0968873280949573,0.32774467462571,0.407847193322722
"ST7504436054",1500,0.178027372191437,0.0963961995530029,0.333811454767142,0.391764973488419
"ST7516436054",1500,0.196937587958201,0.0950650821854695,0.344342923654076,0.363654406202253
"ST7468435994",1500,0.113671932433204,0.0883921431309971,0.296706672430747,0.501229252005052
"ST7522433294",1500,0.0204290862632698,0.22260791697878,0.370535694043514,0.363048594491996
"ST7498436174",1500,0.171354757762786,0.0928455465436835,0.31326751137815,0.42253218431538
"ST7516436174",1500,0.202665185103756,0.089199347111869,0.330135905806508,0.377999561977867
"ST7528433234",1500,0.0167830694701036,0.227723860161129,0.362754433774578,0.367209549945247
"ST7486436114",1500,0.14762156636093,0.0938268675486883,0.305044641679675,0.453506924410707
"ST7492436114",1500,0.15884801757742,0.0948424385529891,0.312176491167993,0.434133052701599
"ST7498436114",1500,0.169937700147844,0.0956093467074302,0.31872575809265,0.415727195052076
"ST7600032936",3000,0.204228733663957,0.140374134360843,0.154056847117293,0.466000528979221
"ST7594132635",3000,0.17302110173743,0.138757080942922,0.150535004765619,0.500787499737478
"ST7558533053",3000,0.168463817025874,0.141155065280491,0.163924440740453,0.498723020350669
"ST7563133004",3000,0.170246904349542,0.141038265065626,0.160715014717301,0.497641318379702
"ST7599532629",3000,0.178451241486861,0.137610436337825,0.150077771065935,0.496954547456246
"ST7611032751",3000,0.203085518168002,0.137384392202135,0.150850227286249,0.472545015897107
"ST7516133894",3000,0.140240511892283,0.136547058642233,0.189527743361414,0.517240176193241
"ST7492533597",3000,0.120226551624959,0.136681721799617,0.187026208422925,0.539553547244565
"ST7455135810",3000,0.118935431237041,0.100271422743916,0.179831186660349,0.58957008592843
"ST7460735809",3000,0.120240903074695,0.102342272418789,0.180519434628539,0.585231299152268
"ST7546033171",3000,0.160721646141175,0.140529716953917,0.172612215446935,0.504404357994296
"ST7546733054",3000,0.155751306685874,0.140630735451735,0.165603591488911,0.513035958289617
"ST7533433668",3000,0.155070047204401,0.137660870980208,0.189003411332162,0.500302465975116
"ST7546033412",3000,0.166888169596517,0.140580118952381,0.18502663350442,0.487628897335157
"ST7532436239",3000,0.171046141724557,0.104724964560829,0.186377653833977,0.519919798929447
"ST7536336131",3000,0.169482389289631,0.106349437198105,0.186688890240701,0.519429171394461
"ST7491135929",3000,0.135043654223132,0.1074069933406,0.182795404760911,0.561223641901041
"ST7496835930",3000,0.138346491262066,0.108498583362712,0.183002233271646,0.556582022270633
"ST7533436050",3000,0.164986499532291,0.108486082212705,0.186040646774793,0.523340705675642
"ST7527336046",3000,0.160403171414167,0.107754631615575,0.18577510994684,0.529760204965025
"ST7576432634",3000,0.154435037126439,0.139374423738333,0.151431967919753,0.517895287209071
"ST7504433474",3000,0.126526794463819,0.138042250082945,0.185728845797603,0.532737510578696
"ST7504433714",3000,0.131887555076821,0.136143798638454,0.188905236027982,0.526097188234262
"ST7498433894",3000,0.128074529194198,0.135538672397158,0.189447381607332,0.531425595754238
"ST7492433834",3000,0.124583155689144,0.135712003665484,0.189279929181236,0.534956471049165
"ST7504436114",3000,0.149663205614646,0.103559598139199,0.184660789411742,0.549266925670969
"ST7516436114",3000,0.155652165972367,0.104914182494462,0.185642276113406,0.539241044433586
"ST7486436294",3000,0.145348070188761,0.0950896128627211,0.181962469988197,0.563110370841928
"ST7492436294",3000,0.14867135547289,0.0966508077590941,0.182696060050955,0.557693425975501
"ST7516433354",3000,0.134874979339331,0.138621471643243,0.183042692999516,0.525699196894741
"ST7498436294",3000,0.151598188051265,0.098070320442743,0.183317317074935,0.553023706924046
"ST7480436234",3000,0.140732621033717,0.0951030001952936,0.181311830060513,0.56911089424152
"ST7534433354",3000,0.153367393917114,0.139497774862501,0.183007948287296,0.504873584831138
"ST7486436234",3000,0.144714814520382,0.0965363443072904,0.182261287442429,0.562744337050999
"ST7522436234",3000,0.163547308739559,0.103896459729238,0.18601699334299,0.530283126941311
"ST7492436174",3000,0.146051791105838,0.0992388043033977,0.183235584675781,0.558397300262578
"ST7528433474",3000,0.14904457329131,0.139459533693468,0.186361042218115,0.506787995946088
"ST7534433474",3000,0.155505687670843,0.139724778226809,0.186391743606087,0.499782490104325
"ST7546433474",3000,0.167959400578635,0.140529073072164,0.186347308784669,0.485755880115649
"ST7540433534",3000,0.161984487475045,0.139702432248039,0.187321228424221,0.492392868206685
"ST7522433594",3000,0.144691469990866,0.138191523869828,0.187906476899374,0.511381764813446
"ST7516433774",3000,0.140709433939427,0.136171163843925,0.18944013402639,0.516421765373568
"ST7588432274",3000,0.138168343754192,0.130048922929486,0.143461802335134,0.550273874764912
"ST7522433714",3000,0.145335047936396,0.136973296917576,0.189234831310377,0.51078989192729
"ST7576432394",3000,0.135708318914947,0.135043964626851,0.148882637786849,0.542011604101372
"ST7636434494",3000,0.277222276169042,0.126423214166735,0.184479125377624,0.392763447821798
"ST7636434434",3000,0.274555337760137,0.128038287254166,0.182483345139813,0.395587439375643
"ST7642434434",3000,0.284498395357245,0.126581359767238,0.18141412136149,0.388111688817847
"ST7642434374",3000,0.281670671903109,0.128130258201603,0.179940358530185,0.390474429098382
"ST7570432454",3000,0.134700737771278,0.137198339699726,0.149709611874765,0.54020225737977
"ST7648434374",3000,0.291834039496962,0.127193788125629,0.178867851784543,0.381909124227006
"ST7648434314",3000,0.288745479834013,0.128687972190765,0.178116595108715,0.383443530047919
"ST7564434734",3000,0.195916878169778,0.126572413205254,0.199396226750499,0.461206377132987
"ST7612434674",3000,0.246966005045029,0.12432440962474,0.194993631492696,0.41611707583834
"ST7618434674",3000,0.255248668480436,0.123175293453047,0.194526022020369,0.409257408539243
"ST7618434614",3000,0.252966048905032,0.125175485297323,0.191731965117818,0.412095357581016
"ST7516434554",3000,0.141324136178825,0.129926886464794,0.194143850597566,0.519090524425246
"ST7522434554",3000,0.147045573449895,0.130044416511842,0.194348498335016,0.512879134103644
"ST7624434554",3000,0.260054765989981,0.126442642115558,0.188610145723868,0.406331995837485
"ST7630434494",3000,0.267598296397257,0.127641402345271,0.185457004498416,0.400412182634995
"ST7618432634",3000,0.197532816370388,0.133364623026313,0.148703216172898,0.483853033481554
"ST7496634827",3000,0.123260457985566,0.126012359395738,0.199161913665434,0.536260596037578
"ST7546434794",3000,0.176049425515611,0.12583027296569,0.201580806553239,0.480609790293525
"ST7558434794",3000,0.18983564563747,0.125469978125449,0.201339094032798,0.466965593102264
"ST7564432574",3000,0.136931226285154,0.138243223317383,0.151201192276586,0.537057962028791
"ST7606434794",3000,0.241841670761256,0.12175162748533,0.200108284808916,0.419290617863066
"ST7576432574",3000,0.149431451216908,0.13912893595989,0.150680428741376,0.523422308634985
"ST7498434734",3000,0.125874978968124,0.126128574178607,0.19761858428734,0.535684677953933
"ST7504434734",3000,0.129888618528564,0.126252455902604,0.198354191005869,0.530744366720408
"ST7552434734",3000,0.184063901861322,0.127035989151496,0.199839531215416,0.472616719790769
"ST7558434734",3000,0.190231416031668,0.126741528849246,0.199627429263449,0.466750192364715
"ST7534434914",3000,0.159195851923984,0.124413165947476,0.203129761797957,0.496689090472023
"ST7618432694",3000,0.203448130232492,0.134654616632974,0.149427508568926,0.476124916697137
"ST7540434914",3000,0.166897907141967,0.123559006963873,0.203605931446912,0.489450028268635
"ST7600434914",3000,0.237742774483871,0.119222100890211,0.201757596478466,0.424269729066019
"ST7492434854",3000,0.120256526603322,0.126398706811013,0.198982326669181,0.539104057327426
"ST7522434854",3000,0.14495045234902,0.125681603200497,0.201829694604383,0.511304383619681
"ST7540434854",3000,0.167604812194883,0.124686463797093,0.202771905931886,0.488884997434126
"ST7552432694",3000,0.132380564475554,0.138955203151608,0.153333380341299,0.540563327045214
"ST7546434854",3000,0.175197391381832,0.124428023849235,0.202845091866089,0.481601840708365
"ST7606434854",3000,0.243775375743059,0.120207541635852,0.200848141029016,0.41816114251064
"ST7504434974",3000,0.127837786956259,0.126344561328758,0.200648718760078,0.529526151744652
"ST7522434974",3000,0.144322526386254,0.124672541800496,0.202519115078301,0.51217187786478
"ST7528434974",3000,0.151044957446856,0.124152800343496,0.203027776977718,0.50519788516012
"ST7588434974",3000,0.2225455835293,0.117641614050122,0.203562126927917,0.439771930842528
"ST7597532791",3000,0.191485302653438,0.139113712988252,0.152223675750871,0.481372027719813
"ST7594432694",3000,0.179105837790444,0.139421995065485,0.151251000918106,0.493756241604359
"ST7594434974",3000,0.23080850262816,0.11740933595615,0.202873614354501,0.432214766880329
"ST7489834968",3000,0.117585086511217,0.126109912664021,0.198810768496979,0.542028826071387
"ST7510434914",3000,0.132975950769853,0.126099853593013,0.200985820295,0.524130477255427
"ST7564432754",3000,0.151811432131482,0.139065054522693,0.153566563682172,0.520719335039929
"ST7516434914",3000,0.138543326270582,0.125570695919666,0.201510826687517,0.51822689983095
"ST7570432754",3000,0.158429834325062,0.138976972172522,0.153278465132153,0.514095653678699
"ST7570435094",3000,0.198465174160532,0.118207326892212,0.203359823647929,0.462932412676521
"ST7576435094",3000,0.205848843951341,0.117526139007208,0.203248660857407,0.456448858131267
"ST7581632758",3000,0.170299756515162,0.139378610826906,0.152767901062148,0.502189892982901
"ST7582432754",3000,0.170774707489149,0.139418030880696,0.152674551677232,0.501688546503092
"ST7498435034",3000,0.122986024739373,0.125719964998514,0.199697010573524,0.535748973606826
"ST7522435034",3000,0.14377293140506,0.124424054258112,0.202246824181513,0.513333920845052
"ST7576435034",3000,0.206513295955446,0.117774934855781,0.204180116521116,0.454999003995427
"ST7582435034",3000,0.214181175678238,0.117046917787339,0.20384513969343,0.448607388199164
"ST7588435034",3000,0.222304192959894,0.116504281076993,0.203428096455736,0.441502869504941
"ST7607132839",3000,0.207422541943277,0.138828253386122,0.152172272110722,0.465724259518234
"ST7612432874",3000,0.215981928843448,0.138396322095283,0.152224600112051,0.457426292433673
"ST7486435025",3000,0.115735834531642,0.125005699927053,0.198092131829857,0.545652633664278
"ST7426435814",3000,0.118129427766735,0.0928458705913393,0.174732667513612,0.603582949027652
"ST7420435754",3000,0.116674121860959,0.0937518707889662,0.173728804083514,0.605953185101223
"ST7426435754",3000,0.118016588871577,0.095490266297024,0.174836343042947,0.601375716563568
"ST7576432814",3000,0.169623555277686,0.139480892234051,0.153729268836534,0.502517227600697
"ST7426435694",3000,0.117739569783898,0.0988785504570904,0.17418087791677,0.599123639030403
"ST7420435574",3000,0.114927825461172,0.101289674834216,0.173421619526743,0.600733501492443
"ST7420435514",3000,0.114196499314698,0.102559687470069,0.174070775277935,0.59955387206554
"ST7546432934",3000,0.147071940122781,0.140340820971365,0.159753611701411,0.524995618854056
"ST7558435094",3000,0.184398469196384,0.119694402594557,0.203364325359442,0.475466735366615
"ST7564435094",3000,0.19140167718461,0.118948566144109,0.203385702131518,0.469188574143693
"ST7474435994",3000,0.129432674639583,0.100111025318152,0.181536917109404,0.576276608901286
"ST7480435994",3000,0.132414668102633,0.102344644480384,0.182010363480598,0.570290283566918
"ST7486435994",3000,0.135515499977993,0.104349742642663,0.182432531274135,0.564904222318621
"ST7570432874",3000,0.168498085747197,0.140264375575549,0.154892565494292,0.502576758832643
"ST7492435994",3000,0.138682570039003,0.105893796190829,0.182758705982813,0.559683483597334
"ST7576432874",3000,0.174168307997047,0.140272203186592,0.154474418085406,0.49695583626639
"ST7498435994",3000,0.141847213033642,0.106833720846677,0.183227632795311,0.555023577252956
"ST7582432874",3000,0.179738006852571,0.140388022382545,0.154194199415855,0.49121751876409
"ST7504435994",3000,0.14515388970432,0.107552548985464,0.183704933337639,0.550518173341046
"ST7570433114",3000,0.183251273565566,0.141190556208604,0.165689078502497,0.480882379745174
"ST7468435934",3000,0.125437668202355,0.0999353324324816,0.181294445916797,0.581133176487929
"ST7474435934",3000,0.127328634182032,0.102210702462361,0.181854371955118,0.575919414112754
"ST7522436114",3000,0.159007392749657,0.105366932332968,0.185994739264637,0.533938525247498
"ST7480436054",3000,0.134959599778069,0.100071825539538,0.18174355136982,0.570312988519426
"ST7486436054",3000,0.138300198371856,0.102003530612628,0.182295981308739,0.564766847811729
"ST7492436054",3000,0.141548718705855,0.103577456207173,0.182935827188469,0.559343991558928
"ST7576533004",3000,0.18302543741599,0.141167516326038,0.158847712436134,0.484802253159461
"ST7576432994",3000,0.182357593102993,0.141121552967609,0.158445223761056,0.485756648029289
"ST7498436054",3000,0.144323903207394,0.104772225510341,0.183574088346927,0.554695408038255
"ST7504436054",3000,0.147433803233175,0.105566318238882,0.184190879293476,0.550004627925447
"ST7516436054",3000,0.153729070523362,0.106426773656892,0.185222582789854,0.540287597119857
"ST7468435994",3000,0.127014153062383,0.0979950730324073,0.180899818072782,0.581916356494775
"ST7522433294",3000,0.139819240024617,0.138775628843745,0.180389784472317,0.522713397047901
"ST7498436174",3000,0.148778207287743,0.100664882923118,0.184116839671528,0.553552794119188
"ST7516436174",3000,0.157565850131772,0.10385295002767,0.185876831790176,0.537891916650535
"ST7528433234",3000,0.143893073794619,0.139399628136916,0.177090825591117,0.5202256470164
"ST7486436114",3000,0.140728855679649,0.0996421306298753,0.182373760983199,0.564565435399024
"ST7492436114",3000,0.144078971359316,0.101254372966888,0.183207824206767,0.558834791056288
"ST7498436114",3000,0.146781330760774,0.102557829143574,0.183984088710463,0.55409298334992
