"plot","year","visit","scientific_name","tot_intervals","sp_intervals","activity_rate","gridref","treatment","subcompartment","basal_area","dbh_average","dis_to_edge","tree_species","dis_broadleaf","stems_7.5cm_dbh","per_broadleaf_canopy","fallen_deadwood","deadwood_snags","canopy_openess","dom_understorey","dom_field_layer","bramble","bracken","forbs","grass","bare_ground","moss","brash_cover","leaf_litter","complexity_score","complexity_category","aspect","altitude"
1,2021,"1","Nyctalus noctula",56,2,0.0357142857142857,"ST7498436114","RIS","805c",34,40.4,115.5223873,6,2,41,40,2,1,13.78,"none","Bramble","60-70%","1-10%","10-20%","20-30%","1-10%","20-30%","10-20%","40-50%",4,"Low",175.9230675,186.4301047
1,2021,"1","Plecotus auritus",56,1,0.0178571428571429,"ST7498436114","RIS","805c",34,40.4,115.5223873,6,2,41,40,2,1,13.78,"none","Bramble","60-70%","1-10%","10-20%","20-30%","1-10%","20-30%","10-20%","40-50%",4,"Low",175.9230675,186.4301047
1,2021,"1","Myotis nattereri",56,2,0.0357142857142857,"ST7498436114","RIS","805c",34,40.4,115.5223873,6,2,41,40,2,1,13.78,"none","Bramble","60-70%","1-10%","10-20%","20-30%","1-10%","20-30%","10-20%","40-50%",4,"Low",175.9230675,186.4301047
1,2021,"1","Myotis mystacinus/brandtii",56,1,0.0178571428571429,"ST7498436114","RIS","805c",34,40.4,115.5223873,6,2,41,40,2,1,13.78,"none","Bramble","60-70%","1-10%","10-20%","20-30%","1-10%","20-30%","10-20%","40-50%",4,"Low",175.9230675,186.4301047
1,2021,"1","Pipistrellus pipistrellus",56,1,0.0178571428571429,"ST7498436114","RIS","805c",34,40.4,115.5223873,6,2,41,40,2,1,13.78,"none","Bramble","60-70%","1-10%","10-20%","20-30%","1-10%","20-30%","10-20%","40-50%",4,"Low",175.9230675,186.4301047
1,2021,"1","Pipistrellus pygmaeus",56,4,0.0714285714285714,"ST7498436114","RIS","805c",34,40.4,115.5223873,6,2,41,40,2,1,13.78,"none","Bramble","60-70%","1-10%","10-20%","20-30%","1-10%","20-30%","10-20%","40-50%",4,"Low",175.9230675,186.4301047
1,2021,"2","Barbastella barbastellus",38,2,0.0526315789473684,"ST7498436114","RIS","805c",34,40.4,115.5223873,6,2,41,40,2,1,13.78,"none","Bramble","60-70%","1-10%","10-20%","20-30%","1-10%","20-30%","10-20%","40-50%",4,"Low",175.9230675,186.4301047
1,2021,"2","Myotis nattereri",38,3,0.0789473684210526,"ST7498436114","RIS","805c",34,40.4,115.5223873,6,2,41,40,2,1,13.78,"none","Bramble","60-70%","1-10%","10-20%","20-30%","1-10%","20-30%","10-20%","40-50%",4,"Low",175.9230675,186.4301047
1,2021,"2","Pipistrellus pipistrellus",38,2,0.0526315789473684,"ST7498436114","RIS","805c",34,40.4,115.5223873,6,2,41,40,2,1,13.78,"none","Bramble","60-70%","1-10%","10-20%","20-30%","1-10%","20-30%","10-20%","40-50%",4,"Low",175.9230675,186.4301047
1,2021,"2","Pipistrellus pygmaeus",38,5,0.131578947368421,"ST7498436114","RIS","805c",34,40.4,115.5223873,6,2,41,40,2,1,13.78,"none","Bramble","60-70%","1-10%","10-20%","20-30%","1-10%","20-30%","10-20%","40-50%",4,"Low",175.9230675,186.4301047
1,2021,"2","Nyctalus noctula",38,4,0.105263157894737,"ST7498436114","RIS","805c",34,40.4,115.5223873,6,2,41,40,2,1,13.78,"none","Bramble","60-70%","1-10%","10-20%","20-30%","1-10%","20-30%","10-20%","40-50%",4,"Low",175.9230675,186.4301047
101,2021,"1","Eptesicus serotinus",54,2,0.037037037037037,"ST7540433534","SDS","204a",22,65.6,92.81870285,8,5,11,40,2,5,16.9,"Douglas Fir","Bramble","60-70%","20-30%","10-20%","0","0","30-40%","40-50%","60-70%",8,"High",153.1464306,175.4864236
101,2021,"1","Plecotus auritus",54,3,0.0555555555555556,"ST7540433534","SDS","204a",22,65.6,92.81870285,8,5,11,40,2,5,16.9,"Douglas Fir","Bramble","60-70%","20-30%","10-20%","0","0","30-40%","40-50%","60-70%",8,"High",153.1464306,175.4864236
101,2021,"1","Myotis mystacinus/brandtii",54,10,0.185185185185185,"ST7540433534","SDS","204a",22,65.6,92.81870285,8,5,11,40,2,5,16.9,"Douglas Fir","Bramble","60-70%","20-30%","10-20%","0","0","30-40%","40-50%","60-70%",8,"High",153.1464306,175.4864236
101,2021,"1","Barbastella barbastellus",54,2,0.037037037037037,"ST7540433534","SDS","204a",22,65.6,92.81870285,8,5,11,40,2,5,16.9,"Douglas Fir","Bramble","60-70%","20-30%","10-20%","0","0","30-40%","40-50%","60-70%",8,"High",153.1464306,175.4864236
101,2021,"1","Pipistrellus pygmaeus",54,21,0.388888888888889,"ST7540433534","SDS","204a",22,65.6,92.81870285,8,5,11,40,2,5,16.9,"Douglas Fir","Bramble","60-70%","20-30%","10-20%","0","0","30-40%","40-50%","60-70%",8,"High",153.1464306,175.4864236
101,2021,"1","Pipistrellus pipistrellus",54,23,0.425925925925926,"ST7540433534","SDS","204a",22,65.6,92.81870285,8,5,11,40,2,5,16.9,"Douglas Fir","Bramble","60-70%","20-30%","10-20%","0","0","30-40%","40-50%","60-70%",8,"High",153.1464306,175.4864236
101,2021,"1","Nyctalus noctula",54,5,0.0925925925925926,"ST7540433534","SDS","204a",22,65.6,92.81870285,8,5,11,40,2,5,16.9,"Douglas Fir","Bramble","60-70%","20-30%","10-20%","0","0","30-40%","40-50%","60-70%",8,"High",153.1464306,175.4864236
101,2021,"2","Myotis daubentonii",58,1,0.0172413793103448,"ST7540433534","SDS","204a",22,65.6,92.81870285,8,5,11,40,2,5,16.9,"Douglas Fir","Bramble","60-70%","20-30%","10-20%","0","0","30-40%","40-50%","60-70%",8,"High",153.1464306,175.4864236
101,2021,"2","Eptesicus serotinus",58,4,0.0689655172413793,"ST7540433534","SDS","204a",22,65.6,92.81870285,8,5,11,40,2,5,16.9,"Douglas Fir","Bramble","60-70%","20-30%","10-20%","0","0","30-40%","40-50%","60-70%",8,"High",153.1464306,175.4864236
101,2021,"2","Myotis mystacinus/brandtii",58,6,0.103448275862069,"ST7540433534","SDS","204a",22,65.6,92.81870285,8,5,11,40,2,5,16.9,"Douglas Fir","Bramble","60-70%","20-30%","10-20%","0","0","30-40%","40-50%","60-70%",8,"High",153.1464306,175.4864236
101,2021,"2","Pipistrellus pygmaeus",58,9,0.155172413793103,"ST7540433534","SDS","204a",22,65.6,92.81870285,8,5,11,40,2,5,16.9,"Douglas Fir","Bramble","60-70%","20-30%","10-20%","0","0","30-40%","40-50%","60-70%",8,"High",153.1464306,175.4864236
101,2021,"2","Plecotus auritus",58,9,0.155172413793103,"ST7540433534","SDS","204a",22,65.6,92.81870285,8,5,11,40,2,5,16.9,"Douglas Fir","Bramble","60-70%","20-30%","10-20%","0","0","30-40%","40-50%","60-70%",8,"High",153.1464306,175.4864236
101,2021,"2","Myotis nattereri",58,1,0.0172413793103448,"ST7540433534","SDS","204a",22,65.6,92.81870285,8,5,11,40,2,5,16.9,"Douglas Fir","Bramble","60-70%","20-30%","10-20%","0","0","30-40%","40-50%","60-70%",8,"High",153.1464306,175.4864236
101,2021,"2","Pipistrellus pipistrellus",58,13,0.224137931034483,"ST7540433534","SDS","204a",22,65.6,92.81870285,8,5,11,40,2,5,16.9,"Douglas Fir","Bramble","60-70%","20-30%","10-20%","0","0","30-40%","40-50%","60-70%",8,"High",153.1464306,175.4864236
101,2021,"2","Nyctalus noctula",58,9,0.155172413793103,"ST7540433534","SDS","204a",22,65.6,92.81870285,8,5,11,40,2,5,16.9,"Douglas Fir","Bramble","60-70%","20-30%","10-20%","0","0","30-40%","40-50%","60-70%",8,"High",153.1464306,175.4864236
101,2021,"2","Barbastella barbastellus",58,4,0.0689655172413793,"ST7540433534","SDS","204a",22,65.6,92.81870285,8,5,11,40,2,5,16.9,"Douglas Fir","Bramble","60-70%","20-30%","10-20%","0","0","30-40%","40-50%","60-70%",8,"High",153.1464306,175.4864236
104,2021,"1","Barbastella barbastellus",53,2,0.0377358490566038,"ST7528433474","SDS","204a",22,61.6,47.19677642,4,15,13,10,14,0,15.08,"Western Hemlock","Bracken","10-20%","60-70%","1-10%","1-10%","1-10%","20-30%","40-50%","50-60%",8,"High",135.3393709,188.6915046
104,2021,"1","Pipistrellus pygmaeus",53,5,0.0943396226415094,"ST7528433474","SDS","204a",22,61.6,47.19677642,4,15,13,10,14,0,15.08,"Western Hemlock","Bracken","10-20%","60-70%","1-10%","1-10%","1-10%","20-30%","40-50%","50-60%",8,"High",135.3393709,188.6915046
104,2021,"1","Pipistrellus pipistrellus",53,13,0.245283018867925,"ST7528433474","SDS","204a",22,61.6,47.19677642,4,15,13,10,14,0,15.08,"Western Hemlock","Bracken","10-20%","60-70%","1-10%","1-10%","1-10%","20-30%","40-50%","50-60%",8,"High",135.3393709,188.6915046
104,2021,"1","Myotis mystacinus/brandtii",53,1,0.0188679245283019,"ST7528433474","SDS","204a",22,61.6,47.19677642,4,15,13,10,14,0,15.08,"Western Hemlock","Bracken","10-20%","60-70%","1-10%","1-10%","1-10%","20-30%","40-50%","50-60%",8,"High",135.3393709,188.6915046
104,2021,"1","Myotis daubentonii",53,1,0.0188679245283019,"ST7528433474","SDS","204a",22,61.6,47.19677642,4,15,13,10,14,0,15.08,"Western Hemlock","Bracken","10-20%","60-70%","1-10%","1-10%","1-10%","20-30%","40-50%","50-60%",8,"High",135.3393709,188.6915046
104,2021,"1","Nyctalus noctula",53,4,0.0754716981132075,"ST7528433474","SDS","204a",22,61.6,47.19677642,4,15,13,10,14,0,15.08,"Western Hemlock","Bracken","10-20%","60-70%","1-10%","1-10%","1-10%","20-30%","40-50%","50-60%",8,"High",135.3393709,188.6915046
104,2021,"2","Myotis daubentonii",51,1,0.0196078431372549,"ST7528433474","SDS","204a",22,61.6,47.19677642,4,15,13,10,14,0,15.08,"Western Hemlock","Bracken","10-20%","60-70%","1-10%","1-10%","1-10%","20-30%","40-50%","50-60%",8,"High",135.3393709,188.6915046
104,2021,"2","Eptesicus serotinus",51,1,0.0196078431372549,"ST7528433474","SDS","204a",22,61.6,47.19677642,4,15,13,10,14,0,15.08,"Western Hemlock","Bracken","10-20%","60-70%","1-10%","1-10%","1-10%","20-30%","40-50%","50-60%",8,"High",135.3393709,188.6915046
104,2021,"2","Myotis mystacinus/brandtii",51,2,0.0392156862745098,"ST7528433474","SDS","204a",22,61.6,47.19677642,4,15,13,10,14,0,15.08,"Western Hemlock","Bracken","10-20%","60-70%","1-10%","1-10%","1-10%","20-30%","40-50%","50-60%",8,"High",135.3393709,188.6915046
104,2021,"2","Pipistrellus pipistrellus",51,15,0.294117647058824,"ST7528433474","SDS","204a",22,61.6,47.19677642,4,15,13,10,14,0,15.08,"Western Hemlock","Bracken","10-20%","60-70%","1-10%","1-10%","1-10%","20-30%","40-50%","50-60%",8,"High",135.3393709,188.6915046
104,2021,"2","Plecotus auritus",51,9,0.176470588235294,"ST7528433474","SDS","204a",22,61.6,47.19677642,4,15,13,10,14,0,15.08,"Western Hemlock","Bracken","10-20%","60-70%","1-10%","1-10%","1-10%","20-30%","40-50%","50-60%",8,"High",135.3393709,188.6915046
104,2021,"2","Pipistrellus pygmaeus",51,16,0.313725490196078,"ST7528433474","SDS","204a",22,61.6,47.19677642,4,15,13,10,14,0,15.08,"Western Hemlock","Bracken","10-20%","60-70%","1-10%","1-10%","1-10%","20-30%","40-50%","50-60%",8,"High",135.3393709,188.6915046
104,2021,"2","Nyctalus noctula",51,4,0.0784313725490196,"ST7528433474","SDS","204a",22,61.6,47.19677642,4,15,13,10,14,0,15.08,"Western Hemlock","Bracken","10-20%","60-70%","1-10%","1-10%","1-10%","20-30%","40-50%","50-60%",8,"High",135.3393709,188.6915046
108,2021,"1","Myotis nattereri",57,2,0.0350877192982456,"ST7534433354","SDS","204a",26,55.4,25.2212152,9,1,40,75,5,4,3.12,"Grey Alder","Bracken","10-20%","60-70%","30-40%","30-40%","1-10%","70-80%","1-10%","10-20%",6,"High",127.3774355,184.1462995
108,2021,"1","Eptesicus serotinus",57,1,0.0175438596491228,"ST7534433354","SDS","204a",26,55.4,25.2212152,9,1,40,75,5,4,3.12,"Grey Alder","Bracken","10-20%","60-70%","30-40%","30-40%","1-10%","70-80%","1-10%","10-20%",6,"High",127.3774355,184.1462995
108,2021,"1","Plecotus auritus",57,8,0.140350877192982,"ST7534433354","SDS","204a",26,55.4,25.2212152,9,1,40,75,5,4,3.12,"Grey Alder","Bracken","10-20%","60-70%","30-40%","30-40%","1-10%","70-80%","1-10%","10-20%",6,"High",127.3774355,184.1462995
108,2021,"1","Pipistrellus pygmaeus",57,6,0.105263157894737,"ST7534433354","SDS","204a",26,55.4,25.2212152,9,1,40,75,5,4,3.12,"Grey Alder","Bracken","10-20%","60-70%","30-40%","30-40%","1-10%","70-80%","1-10%","10-20%",6,"High",127.3774355,184.1462995
108,2021,"1","Pipistrellus pipistrellus",57,11,0.192982456140351,"ST7534433354","SDS","204a",26,55.4,25.2212152,9,1,40,75,5,4,3.12,"Grey Alder","Bracken","10-20%","60-70%","30-40%","30-40%","1-10%","70-80%","1-10%","10-20%",6,"High",127.3774355,184.1462995
108,2021,"1","Myotis mystacinus/brandtii",57,9,0.157894736842105,"ST7534433354","SDS","204a",26,55.4,25.2212152,9,1,40,75,5,4,3.12,"Grey Alder","Bracken","10-20%","60-70%","30-40%","30-40%","1-10%","70-80%","1-10%","10-20%",6,"High",127.3774355,184.1462995
108,2021,"1","Nyctalus noctula",57,9,0.157894736842105,"ST7534433354","SDS","204a",26,55.4,25.2212152,9,1,40,75,5,4,3.12,"Grey Alder","Bracken","10-20%","60-70%","30-40%","30-40%","1-10%","70-80%","1-10%","10-20%",6,"High",127.3774355,184.1462995
108,2021,"2","Eptesicus serotinus",56,1,0.0178571428571429,"ST7534433354","SDS","204a",26,55.4,25.2212152,9,1,40,75,5,4,3.12,"Grey Alder","Bracken","10-20%","60-70%","30-40%","30-40%","1-10%","70-80%","1-10%","10-20%",6,"High",127.3774355,184.1462995
108,2021,"2","Plecotus auritus",56,5,0.0892857142857143,"ST7534433354","SDS","204a",26,55.4,25.2212152,9,1,40,75,5,4,3.12,"Grey Alder","Bracken","10-20%","60-70%","30-40%","30-40%","1-10%","70-80%","1-10%","10-20%",6,"High",127.3774355,184.1462995
108,2021,"2","Pipistrellus pygmaeus",56,3,0.0535714285714286,"ST7534433354","SDS","204a",26,55.4,25.2212152,9,1,40,75,5,4,3.12,"Grey Alder","Bracken","10-20%","60-70%","30-40%","30-40%","1-10%","70-80%","1-10%","10-20%",6,"High",127.3774355,184.1462995
108,2021,"2","Pipistrellus pipistrellus",56,8,0.142857142857143,"ST7534433354","SDS","204a",26,55.4,25.2212152,9,1,40,75,5,4,3.12,"Grey Alder","Bracken","10-20%","60-70%","30-40%","30-40%","1-10%","70-80%","1-10%","10-20%",6,"High",127.3774355,184.1462995
108,2021,"2","Myotis mystacinus/brandtii",56,3,0.0535714285714286,"ST7534433354","SDS","204a",26,55.4,25.2212152,9,1,40,75,5,4,3.12,"Grey Alder","Bracken","10-20%","60-70%","30-40%","30-40%","1-10%","70-80%","1-10%","10-20%",6,"High",127.3774355,184.1462995
108,2021,"2","Nyctalus noctula",56,4,0.0714285714285714,"ST7534433354","SDS","204a",26,55.4,25.2212152,9,1,40,75,5,4,3.12,"Grey Alder","Bracken","10-20%","60-70%","30-40%","30-40%","1-10%","70-80%","1-10%","10-20%",6,"High",127.3774355,184.1462995
108,2021,"2","Barbastella barbastellus",56,1,0.0178571428571429,"ST7534433354","SDS","204a",26,55.4,25.2212152,9,1,40,75,5,4,3.12,"Grey Alder","Bracken","10-20%","60-70%","30-40%","30-40%","1-10%","70-80%","1-10%","10-20%",6,"High",127.3774355,184.1462995
109,2021,"1","Myotis nattereri",53,1,0.0188679245283019,"ST7480436234","RIS","804",48,36.4,54.06848594,4,35,48,0,1,0,8.32,"none","Bramble","30-40%","0","10-20%","30-40%","0","40-50%","30-40%","60-70%",3,"Low",185.1314247,163.7676452
109,2021,"1","Plecotus auritus",53,3,0.0566037735849057,"ST7480436234","RIS","804",48,36.4,54.06848594,4,35,48,0,1,0,8.32,"none","Bramble","30-40%","0","10-20%","30-40%","0","40-50%","30-40%","60-70%",3,"Low",185.1314247,163.7676452
109,2021,"1","Pipistrellus pygmaeus",53,4,0.0754716981132075,"ST7480436234","RIS","804",48,36.4,54.06848594,4,35,48,0,1,0,8.32,"none","Bramble","30-40%","0","10-20%","30-40%","0","40-50%","30-40%","60-70%",3,"Low",185.1314247,163.7676452
109,2021,"1","Nyctalus noctula",53,2,0.0377358490566038,"ST7480436234","RIS","804",48,36.4,54.06848594,4,35,48,0,1,0,8.32,"none","Bramble","30-40%","0","10-20%","30-40%","0","40-50%","30-40%","60-70%",3,"Low",185.1314247,163.7676452
109,2021,"2","Myotis nattereri",57,2,0.0350877192982456,"ST7480436234","RIS","804",48,36.4,54.06848594,4,35,48,0,1,0,8.32,"none","Bramble","30-40%","0","10-20%","30-40%","0","40-50%","30-40%","60-70%",3,"Low",185.1314247,163.7676452
109,2021,"2","Pipistrellus pipistrellus",57,3,0.0526315789473684,"ST7480436234","RIS","804",48,36.4,54.06848594,4,35,48,0,1,0,8.32,"none","Bramble","30-40%","0","10-20%","30-40%","0","40-50%","30-40%","60-70%",3,"Low",185.1314247,163.7676452
109,2021,"2","Plecotus auritus",57,3,0.0526315789473684,"ST7480436234","RIS","804",48,36.4,54.06848594,4,35,48,0,1,0,8.32,"none","Bramble","30-40%","0","10-20%","30-40%","0","40-50%","30-40%","60-70%",3,"Low",185.1314247,163.7676452
109,2021,"2","Nyctalus noctula",57,3,0.0526315789473684,"ST7480436234","RIS","804",48,36.4,54.06848594,4,35,48,0,1,0,8.32,"none","Bramble","30-40%","0","10-20%","30-40%","0","40-50%","30-40%","60-70%",3,"Low",185.1314247,163.7676452
109,2021,"2","Pipistrellus pygmaeus",57,5,0.087719298245614,"ST7480436234","RIS","804",48,36.4,54.06848594,4,35,48,0,1,0,8.32,"none","Bramble","30-40%","0","10-20%","30-40%","0","40-50%","30-40%","60-70%",3,"Low",185.1314247,163.7676452
110,2021,"1","Plecotus auritus",49,1,0.0204081632653061,"ST7498436294","RIS","804",28,34.2,53.76637763,4,30,30,0,3,0,15.86,"none","Grasses","40-50%","1-10%","1-10%","40-50%","1-10%","50-60%","30-40%","30-40%",3,"Low",185.23966,159.2543901
110,2021,"1","Pipistrellus pipistrellus",49,4,0.0816326530612245,"ST7498436294","RIS","804",28,34.2,53.76637763,4,30,30,0,3,0,15.86,"none","Grasses","40-50%","1-10%","1-10%","40-50%","1-10%","50-60%","30-40%","30-40%",3,"Low",185.23966,159.2543901
110,2021,"1","Nyctalus noctula",49,4,0.0816326530612245,"ST7498436294","RIS","804",28,34.2,53.76637763,4,30,30,0,3,0,15.86,"none","Grasses","40-50%","1-10%","1-10%","40-50%","1-10%","50-60%","30-40%","30-40%",3,"Low",185.23966,159.2543901
110,2021,"1","Pipistrellus pygmaeus",49,3,0.0612244897959184,"ST7498436294","RIS","804",28,34.2,53.76637763,4,30,30,0,3,0,15.86,"none","Grasses","40-50%","1-10%","1-10%","40-50%","1-10%","50-60%","30-40%","30-40%",3,"Low",185.23966,159.2543901
110,2021,"2","Myotis mystacinus/brandtii",55,1,0.0181818181818182,"ST7498436294","RIS","804",28,34.2,53.76637763,4,30,30,0,3,0,15.86,"none","Grasses","40-50%","1-10%","1-10%","40-50%","1-10%","50-60%","30-40%","30-40%",3,"Low",185.23966,159.2543901
110,2021,"2","Myotis daubentonii",55,1,0.0181818181818182,"ST7498436294","RIS","804",28,34.2,53.76637763,4,30,30,0,3,0,15.86,"none","Grasses","40-50%","1-10%","1-10%","40-50%","1-10%","50-60%","30-40%","30-40%",3,"Low",185.23966,159.2543901
110,2021,"2","Nyctalus noctula",55,5,0.0909090909090909,"ST7498436294","RIS","804",28,34.2,53.76637763,4,30,30,0,3,0,15.86,"none","Grasses","40-50%","1-10%","1-10%","40-50%","1-10%","50-60%","30-40%","30-40%",3,"Low",185.23966,159.2543901
110,2021,"2","Pipistrellus pipistrellus",55,5,0.0909090909090909,"ST7498436294","RIS","804",28,34.2,53.76637763,4,30,30,0,3,0,15.86,"none","Grasses","40-50%","1-10%","1-10%","40-50%","1-10%","50-60%","30-40%","30-40%",3,"Low",185.23966,159.2543901
110,2021,"2","Myotis nattereri",55,3,0.0545454545454545,"ST7498436294","RIS","804",28,34.2,53.76637763,4,30,30,0,3,0,15.86,"none","Grasses","40-50%","1-10%","1-10%","40-50%","1-10%","50-60%","30-40%","30-40%",3,"Low",185.23966,159.2543901
110,2021,"2","Plecotus auritus",55,2,0.0363636363636364,"ST7498436294","RIS","804",28,34.2,53.76637763,4,30,30,0,3,0,15.86,"none","Grasses","40-50%","1-10%","1-10%","40-50%","1-10%","50-60%","30-40%","30-40%",3,"Low",185.23966,159.2543901
110,2021,"2","Pipistrellus pygmaeus",55,9,0.163636363636364,"ST7498436294","RIS","804",28,34.2,53.76637763,4,30,30,0,3,0,15.86,"none","Grasses","40-50%","1-10%","1-10%","40-50%","1-10%","50-60%","30-40%","30-40%",3,"Low",185.23966,159.2543901
117,2021,"1","Myotis mystacinus/brandtii",44,1,0.0227272727272727,"ST7498433894","SDS","204a",26,73.6,81.17877593,5,40,17,0,8,1,10.66,"Douglas Fir","Bracken","10-20%","40-50%","30-40%","20-30%","1-10%","20-30%","20-30%","50-60%",9,"High",157.211659,200.5344006
117,2021,"1","Myotis nattereri",44,3,0.0681818181818182,"ST7498433894","SDS","204a",26,73.6,81.17877593,5,40,17,0,8,1,10.66,"Douglas Fir","Bracken","10-20%","40-50%","30-40%","20-30%","1-10%","20-30%","20-30%","50-60%",9,"High",157.211659,200.5344006
117,2021,"1","Plecotus auritus",44,2,0.0454545454545455,"ST7498433894","SDS","204a",26,73.6,81.17877593,5,40,17,0,8,1,10.66,"Douglas Fir","Bracken","10-20%","40-50%","30-40%","20-30%","1-10%","20-30%","20-30%","50-60%",9,"High",157.211659,200.5344006
117,2021,"1","Eptesicus serotinus",44,1,0.0227272727272727,"ST7498433894","SDS","204a",26,73.6,81.17877593,5,40,17,0,8,1,10.66,"Douglas Fir","Bracken","10-20%","40-50%","30-40%","20-30%","1-10%","20-30%","20-30%","50-60%",9,"High",157.211659,200.5344006
117,2021,"1","Barbastella barbastellus",44,1,0.0227272727272727,"ST7498433894","SDS","204a",26,73.6,81.17877593,5,40,17,0,8,1,10.66,"Douglas Fir","Bracken","10-20%","40-50%","30-40%","20-30%","1-10%","20-30%","20-30%","50-60%",9,"High",157.211659,200.5344006
117,2021,"1","Myotis daubentonii",44,1,0.0227272727272727,"ST7498433894","SDS","204a",26,73.6,81.17877593,5,40,17,0,8,1,10.66,"Douglas Fir","Bracken","10-20%","40-50%","30-40%","20-30%","1-10%","20-30%","20-30%","50-60%",9,"High",157.211659,200.5344006
117,2021,"1","Pipistrellus pygmaeus",44,22,0.5,"ST7498433894","SDS","204a",26,73.6,81.17877593,5,40,17,0,8,1,10.66,"Douglas Fir","Bracken","10-20%","40-50%","30-40%","20-30%","1-10%","20-30%","20-30%","50-60%",9,"High",157.211659,200.5344006
117,2021,"1","Pipistrellus pipistrellus",44,12,0.272727272727273,"ST7498433894","SDS","204a",26,73.6,81.17877593,5,40,17,0,8,1,10.66,"Douglas Fir","Bracken","10-20%","40-50%","30-40%","20-30%","1-10%","20-30%","20-30%","50-60%",9,"High",157.211659,200.5344006
117,2021,"1","Nyctalus noctula",44,2,0.0454545454545455,"ST7498433894","SDS","204a",26,73.6,81.17877593,5,40,17,0,8,1,10.66,"Douglas Fir","Bracken","10-20%","40-50%","30-40%","20-30%","1-10%","20-30%","20-30%","50-60%",9,"High",157.211659,200.5344006
117,2021,"2","Pipistrellus pygmaeus",55,1,0.0181818181818182,"ST7498433894","SDS","204a",26,73.6,81.17877593,5,40,17,0,8,1,10.66,"Douglas Fir","Bracken","10-20%","40-50%","30-40%","20-30%","1-10%","20-30%","20-30%","50-60%",9,"High",157.211659,200.5344006
117,2021,"2","Myotis mystacinus/brandtii",55,1,0.0181818181818182,"ST7498433894","SDS","204a",26,73.6,81.17877593,5,40,17,0,8,1,10.66,"Douglas Fir","Bracken","10-20%","40-50%","30-40%","20-30%","1-10%","20-30%","20-30%","50-60%",9,"High",157.211659,200.5344006
117,2021,"2","Myotis daubentonii",55,3,0.0545454545454545,"ST7498433894","SDS","204a",26,73.6,81.17877593,5,40,17,0,8,1,10.66,"Douglas Fir","Bracken","10-20%","40-50%","30-40%","20-30%","1-10%","20-30%","20-30%","50-60%",9,"High",157.211659,200.5344006
117,2021,"2","Plecotus auritus",55,1,0.0181818181818182,"ST7498433894","SDS","204a",26,73.6,81.17877593,5,40,17,0,8,1,10.66,"Douglas Fir","Bracken","10-20%","40-50%","30-40%","20-30%","1-10%","20-30%","20-30%","50-60%",9,"High",157.211659,200.5344006
117,2021,"2","Pipistrellus pipistrellus",55,2,0.0363636363636364,"ST7498433894","SDS","204a",26,73.6,81.17877593,5,40,17,0,8,1,10.66,"Douglas Fir","Bracken","10-20%","40-50%","30-40%","20-30%","1-10%","20-30%","20-30%","50-60%",9,"High",157.211659,200.5344006
117,2021,"2","Nyctalus noctula",55,1,0.0181818181818182,"ST7498433894","SDS","204a",26,73.6,81.17877593,5,40,17,0,8,1,10.66,"Douglas Fir","Bracken","10-20%","40-50%","30-40%","20-30%","1-10%","20-30%","20-30%","50-60%",9,"High",157.211659,200.5344006
118,2021,"1","Myotis daubentonii",47,1,0.0212765957446809,"ST7504433714","SDS","204e",26,72.6,98.89785676,8,4,9,10,1,0,25.22,"Western Hemlock","Mosses","10-20%","1-10%","30-40%","30-40%","1-10%","70-80%","10-20%","20-30%",6,"High",157.6936929,199.5650239
118,2021,"1","Plecotus auritus",47,4,0.0851063829787234,"ST7504433714","SDS","204e",26,72.6,98.89785676,8,4,9,10,1,0,25.22,"Western Hemlock","Mosses","10-20%","1-10%","30-40%","30-40%","1-10%","70-80%","10-20%","20-30%",6,"High",157.6936929,199.5650239
118,2021,"1","Barbastella barbastellus",47,1,0.0212765957446809,"ST7504433714","SDS","204e",26,72.6,98.89785676,8,4,9,10,1,0,25.22,"Western Hemlock","Mosses","10-20%","1-10%","30-40%","30-40%","1-10%","70-80%","10-20%","20-30%",6,"High",157.6936929,199.5650239
118,2021,"1","Myotis nattereri",47,1,0.0212765957446809,"ST7504433714","SDS","204e",26,72.6,98.89785676,8,4,9,10,1,0,25.22,"Western Hemlock","Mosses","10-20%","1-10%","30-40%","30-40%","1-10%","70-80%","10-20%","20-30%",6,"High",157.6936929,199.5650239
118,2021,"1","Eptesicus serotinus",47,2,0.0425531914893617,"ST7504433714","SDS","204e",26,72.6,98.89785676,8,4,9,10,1,0,25.22,"Western Hemlock","Mosses","10-20%","1-10%","30-40%","30-40%","1-10%","70-80%","10-20%","20-30%",6,"High",157.6936929,199.5650239
118,2021,"1","Nyctalus noctula",47,4,0.0851063829787234,"ST7504433714","SDS","204e",26,72.6,98.89785676,8,4,9,10,1,0,25.22,"Western Hemlock","Mosses","10-20%","1-10%","30-40%","30-40%","1-10%","70-80%","10-20%","20-30%",6,"High",157.6936929,199.5650239
118,2021,"1","Pipistrellus pipistrellus",47,10,0.212765957446809,"ST7504433714","SDS","204e",26,72.6,98.89785676,8,4,9,10,1,0,25.22,"Western Hemlock","Mosses","10-20%","1-10%","30-40%","30-40%","1-10%","70-80%","10-20%","20-30%",6,"High",157.6936929,199.5650239
118,2021,"1","Pipistrellus pygmaeus",47,23,0.48936170212766,"ST7504433714","SDS","204e",26,72.6,98.89785676,8,4,9,10,1,0,25.22,"Western Hemlock","Mosses","10-20%","1-10%","30-40%","30-40%","1-10%","70-80%","10-20%","20-30%",6,"High",157.6936929,199.5650239
118,2021,"2","Pipistrellus pygmaeus",57,1,0.0175438596491228,"ST7504433714","SDS","204e",26,72.6,98.89785676,8,4,9,10,1,0,25.22,"Western Hemlock","Mosses","10-20%","1-10%","30-40%","30-40%","1-10%","70-80%","10-20%","20-30%",6,"High",157.6936929,199.5650239
118,2021,"2","Myotis mystacinus/brandtii",57,1,0.0175438596491228,"ST7504433714","SDS","204e",26,72.6,98.89785676,8,4,9,10,1,0,25.22,"Western Hemlock","Mosses","10-20%","1-10%","30-40%","30-40%","1-10%","70-80%","10-20%","20-30%",6,"High",157.6936929,199.5650239
118,2021,"2","Myotis daubentonii",57,1,0.0175438596491228,"ST7504433714","SDS","204e",26,72.6,98.89785676,8,4,9,10,1,0,25.22,"Western Hemlock","Mosses","10-20%","1-10%","30-40%","30-40%","1-10%","70-80%","10-20%","20-30%",6,"High",157.6936929,199.5650239
118,2021,"2","Plecotus auritus",57,1,0.0175438596491228,"ST7504433714","SDS","204e",26,72.6,98.89785676,8,4,9,10,1,0,25.22,"Western Hemlock","Mosses","10-20%","1-10%","30-40%","30-40%","1-10%","70-80%","10-20%","20-30%",6,"High",157.6936929,199.5650239
118,2021,"2","Pipistrellus pipistrellus",57,2,0.0350877192982456,"ST7504433714","SDS","204e",26,72.6,98.89785676,8,4,9,10,1,0,25.22,"Western Hemlock","Mosses","10-20%","1-10%","30-40%","30-40%","1-10%","70-80%","10-20%","20-30%",6,"High",157.6936929,199.5650239
118,2021,"2","Eptesicus serotinus",57,6,0.105263157894737,"ST7504433714","SDS","204e",26,72.6,98.89785676,8,4,9,10,1,0,25.22,"Western Hemlock","Mosses","10-20%","1-10%","30-40%","30-40%","1-10%","70-80%","10-20%","20-30%",6,"High",157.6936929,199.5650239
118,2021,"2","Nyctalus noctula",57,9,0.157894736842105,"ST7504433714","SDS","204e",26,72.6,98.89785676,8,4,9,10,1,0,25.22,"Western Hemlock","Mosses","10-20%","1-10%","30-40%","30-40%","1-10%","70-80%","10-20%","20-30%",6,"High",157.6936929,199.5650239
118,2021,"2","Barbastella barbastellus",57,1,0.0175438596491228,"ST7504433714","SDS","204e",26,72.6,98.89785676,8,4,9,10,1,0,25.22,"Western Hemlock","Mosses","10-20%","1-10%","30-40%","30-40%","1-10%","70-80%","10-20%","20-30%",6,"High",157.6936929,199.5650239
15,2021,"1","Barbastella barbastellus",53,1,0.0188679245283019,"ST7480436054","RIS","805d",28,41,58.59492785,2,15,28,5,3,1,14.56,"none","Pendulous Sedge","10-20%","1-10%","30-40%","30-40%","1-10%","30-40%","50-60%","60-70%",3,"Low",165.6339086,173.2774437
15,2021,"1","Myotis mystacinus/brandtii",53,2,0.0377358490566038,"ST7480436054","RIS","805d",28,41,58.59492785,2,15,28,5,3,1,14.56,"none","Pendulous Sedge","10-20%","1-10%","30-40%","30-40%","1-10%","30-40%","50-60%","60-70%",3,"Low",165.6339086,173.2774437
15,2021,"1","Pipistrellus pipistrellus",53,22,0.415094339622642,"ST7480436054","RIS","805d",28,41,58.59492785,2,15,28,5,3,1,14.56,"none","Pendulous Sedge","10-20%","1-10%","30-40%","30-40%","1-10%","30-40%","50-60%","60-70%",3,"Low",165.6339086,173.2774437
15,2021,"1","Myotis daubentonii",53,2,0.0377358490566038,"ST7480436054","RIS","805d",28,41,58.59492785,2,15,28,5,3,1,14.56,"none","Pendulous Sedge","10-20%","1-10%","30-40%","30-40%","1-10%","30-40%","50-60%","60-70%",3,"Low",165.6339086,173.2774437
15,2021,"1","Plecotus auritus",53,5,0.0943396226415094,"ST7480436054","RIS","805d",28,41,58.59492785,2,15,28,5,3,1,14.56,"none","Pendulous Sedge","10-20%","1-10%","30-40%","30-40%","1-10%","30-40%","50-60%","60-70%",3,"Low",165.6339086,173.2774437
15,2021,"1","Pipistrellus pygmaeus",53,6,0.113207547169811,"ST7480436054","RIS","805d",28,41,58.59492785,2,15,28,5,3,1,14.56,"none","Pendulous Sedge","10-20%","1-10%","30-40%","30-40%","1-10%","30-40%","50-60%","60-70%",3,"Low",165.6339086,173.2774437
15,2021,"2","Plecotus auritus",50,1,0.02,"ST7480436054","RIS","805d",28,41,58.59492785,2,15,28,5,3,1,14.56,"none","Pendulous Sedge","10-20%","1-10%","30-40%","30-40%","1-10%","30-40%","50-60%","60-70%",3,"Low",165.6339086,173.2774437
15,2021,"2","Pipistrellus pygmaeus",50,3,0.06,"ST7480436054","RIS","805d",28,41,58.59492785,2,15,28,5,3,1,14.56,"none","Pendulous Sedge","10-20%","1-10%","30-40%","30-40%","1-10%","30-40%","50-60%","60-70%",3,"Low",165.6339086,173.2774437
15,2021,"2","Myotis nattereri",50,1,0.02,"ST7480436054","RIS","805d",28,41,58.59492785,2,15,28,5,3,1,14.56,"none","Pendulous Sedge","10-20%","1-10%","30-40%","30-40%","1-10%","30-40%","50-60%","60-70%",3,"Low",165.6339086,173.2774437
15,2021,"2","Myotis mystacinus/brandtii",50,1,0.02,"ST7480436054","RIS","805d",28,41,58.59492785,2,15,28,5,3,1,14.56,"none","Pendulous Sedge","10-20%","1-10%","30-40%","30-40%","1-10%","30-40%","50-60%","60-70%",3,"Low",165.6339086,173.2774437
15,2021,"2","Pipistrellus pipistrellus",50,3,0.06,"ST7480436054","RIS","805d",28,41,58.59492785,2,15,28,5,3,1,14.56,"none","Pendulous Sedge","10-20%","1-10%","30-40%","30-40%","1-10%","30-40%","50-60%","60-70%",3,"Low",165.6339086,173.2774437
15,2021,"2","Myotis daubentonii",50,2,0.04,"ST7480436054","RIS","805d",28,41,58.59492785,2,15,28,5,3,1,14.56,"none","Pendulous Sedge","10-20%","1-10%","30-40%","30-40%","1-10%","30-40%","50-60%","60-70%",3,"Low",165.6339086,173.2774437
18,2021,"1","Nyctalus noctula",51,1,0.0196078431372549,"ST7468435934","RIS","805d",30,34.6,85.12962155,4,80,27,0,0,0,11.18,"none","Bramble","50-60%","50-60%","30-40%","10-20%","0","40-50%","10-20%","40-50%",3,"Low",190.1951466,190.6104663
18,2021,"1","Myotis mystacinus/brandtii",51,1,0.0196078431372549,"ST7468435934","RIS","805d",30,34.6,85.12962155,4,80,27,0,0,0,11.18,"none","Bramble","50-60%","50-60%","30-40%","10-20%","0","40-50%","10-20%","40-50%",3,"Low",190.1951466,190.6104663
18,2021,"1","Pipistrellus pygmaeus",51,5,0.0980392156862745,"ST7468435934","RIS","805d",30,34.6,85.12962155,4,80,27,0,0,0,11.18,"none","Bramble","50-60%","50-60%","30-40%","10-20%","0","40-50%","10-20%","40-50%",3,"Low",190.1951466,190.6104663
18,2021,"1","Pipistrellus pipistrellus",51,3,0.0588235294117647,"ST7468435934","RIS","805d",30,34.6,85.12962155,4,80,27,0,0,0,11.18,"none","Bramble","50-60%","50-60%","30-40%","10-20%","0","40-50%","10-20%","40-50%",3,"Low",190.1951466,190.6104663
18,2021,"2","Eptesicus serotinus",40,2,0.05,"ST7468435934","RIS","805d",30,34.6,85.12962155,4,80,27,0,0,0,11.18,"none","Bramble","50-60%","50-60%","30-40%","10-20%","0","40-50%","10-20%","40-50%",3,"Low",190.1951466,190.6104663
18,2021,"2","Myotis daubentonii",40,1,0.025,"ST7468435934","RIS","805d",30,34.6,85.12962155,4,80,27,0,0,0,11.18,"none","Bramble","50-60%","50-60%","30-40%","10-20%","0","40-50%","10-20%","40-50%",3,"Low",190.1951466,190.6104663
18,2021,"2","Myotis mystacinus/brandtii",40,5,0.125,"ST7468435934","RIS","805d",30,34.6,85.12962155,4,80,27,0,0,0,11.18,"none","Bramble","50-60%","50-60%","30-40%","10-20%","0","40-50%","10-20%","40-50%",3,"Low",190.1951466,190.6104663
18,2021,"2","Pipistrellus pipistrellus",40,4,0.1,"ST7468435934","RIS","805d",30,34.6,85.12962155,4,80,27,0,0,0,11.18,"none","Bramble","50-60%","50-60%","30-40%","10-20%","0","40-50%","10-20%","40-50%",3,"Low",190.1951466,190.6104663
18,2021,"2","Nyctalus noctula",40,1,0.025,"ST7468435934","RIS","805d",30,34.6,85.12962155,4,80,27,0,0,0,11.18,"none","Bramble","50-60%","50-60%","30-40%","10-20%","0","40-50%","10-20%","40-50%",3,"Low",190.1951466,190.6104663
18,2021,"2","Pipistrellus pygmaeus",40,3,0.075,"ST7468435934","RIS","805d",30,34.6,85.12962155,4,80,27,0,0,0,11.18,"none","Bramble","50-60%","50-60%","30-40%","10-20%","0","40-50%","10-20%","40-50%",3,"Low",190.1951466,190.6104663
19,2021,"1","Barbastella barbastellus",54,1,0.0185185185185185,"ST7570433114","SDS","302a",24,52.4,101.2034299,6,30,6,0,2,1,42.9,"Western Hemlock","Bramble","50-60%","1-10%","10-20%","1-10%","10-20%","1-10%","30-40%","30-40%",3,"Low",140.8375371,183.4614889
19,2021,"1","Eptesicus serotinus",54,4,0.0740740740740741,"ST7570433114","SDS","302a",24,52.4,101.2034299,6,30,6,0,2,1,42.9,"Western Hemlock","Bramble","50-60%","1-10%","10-20%","1-10%","10-20%","1-10%","30-40%","30-40%",3,"Low",140.8375371,183.4614889
19,2021,"1","Myotis daubentonii",54,1,0.0185185185185185,"ST7570433114","SDS","302a",24,52.4,101.2034299,6,30,6,0,2,1,42.9,"Western Hemlock","Bramble","50-60%","1-10%","10-20%","1-10%","10-20%","1-10%","30-40%","30-40%",3,"Low",140.8375371,183.4614889
19,2021,"1","Pipistrellus pygmaeus",54,9,0.166666666666667,"ST7570433114","SDS","302a",24,52.4,101.2034299,6,30,6,0,2,1,42.9,"Western Hemlock","Bramble","50-60%","1-10%","10-20%","1-10%","10-20%","1-10%","30-40%","30-40%",3,"Low",140.8375371,183.4614889
19,2021,"1","Pipistrellus pipistrellus",54,25,0.462962962962963,"ST7570433114","SDS","302a",24,52.4,101.2034299,6,30,6,0,2,1,42.9,"Western Hemlock","Bramble","50-60%","1-10%","10-20%","1-10%","10-20%","1-10%","30-40%","30-40%",3,"Low",140.8375371,183.4614889
19,2021,"1","Nyctalus noctula",54,5,0.0925925925925926,"ST7570433114","SDS","302a",24,52.4,101.2034299,6,30,6,0,2,1,42.9,"Western Hemlock","Bramble","50-60%","1-10%","10-20%","1-10%","10-20%","1-10%","30-40%","30-40%",3,"Low",140.8375371,183.4614889
19,2021,"2","Myotis mystacinus/brandtii",54,1,0.0185185185185185,"ST7570433114","SDS","302a",24,52.4,101.2034299,6,30,6,0,2,1,42.9,"Western Hemlock","Bramble","50-60%","1-10%","10-20%","1-10%","10-20%","1-10%","30-40%","30-40%",3,"Low",140.8375371,183.4614889
19,2021,"2","Nyctalus noctula",54,1,0.0185185185185185,"ST7570433114","SDS","302a",24,52.4,101.2034299,6,30,6,0,2,1,42.9,"Western Hemlock","Bramble","50-60%","1-10%","10-20%","1-10%","10-20%","1-10%","30-40%","30-40%",3,"Low",140.8375371,183.4614889
19,2021,"2","Pipistrellus pygmaeus",54,5,0.0925925925925926,"ST7570433114","SDS","302a",24,52.4,101.2034299,6,30,6,0,2,1,42.9,"Western Hemlock","Bramble","50-60%","1-10%","10-20%","1-10%","10-20%","1-10%","30-40%","30-40%",3,"Low",140.8375371,183.4614889
19,2021,"2","Pipistrellus pipistrellus",54,3,0.0555555555555556,"ST7570433114","SDS","302a",24,52.4,101.2034299,6,30,6,0,2,1,42.9,"Western Hemlock","Bramble","50-60%","1-10%","10-20%","1-10%","10-20%","1-10%","30-40%","30-40%",3,"Low",140.8375371,183.4614889
25,2021,"1","Myotis mystacinus/brandtii",53,6,0.113207547169811,"ST7570432874","SDS","302a",26,62,183.1332405,4,6,22,70,0,5,35.88,"Common Alder","Bracken","0","70-80%","30-40%","20-30%","0","70-80%","1-10%","30-40%",4,"Low",128.8032144,178.0242654
25,2021,"1","Nyctalus noctula",53,3,0.0566037735849057,"ST7570432874","SDS","302a",26,62,183.1332405,4,6,22,70,0,5,35.88,"Common Alder","Bracken","0","70-80%","30-40%","20-30%","0","70-80%","1-10%","30-40%",4,"Low",128.8032144,178.0242654
25,2021,"2","Myotis mystacinus/brandtii",46,2,0.0434782608695652,"ST7570432874","SDS","302a",26,62,183.1332405,4,6,22,70,0,5,35.88,"Common Alder","Bracken","0","70-80%","30-40%","20-30%","0","70-80%","1-10%","30-40%",4,"Low",128.8032144,178.0242654
25,2021,"2","Barbastella barbastellus",46,1,0.0217391304347826,"ST7570432874","SDS","302a",26,62,183.1332405,4,6,22,70,0,5,35.88,"Common Alder","Bracken","0","70-80%","30-40%","20-30%","0","70-80%","1-10%","30-40%",4,"Low",128.8032144,178.0242654
25,2021,"2","Eptesicus serotinus",46,3,0.0652173913043478,"ST7570432874","SDS","302a",26,62,183.1332405,4,6,22,70,0,5,35.88,"Common Alder","Bracken","0","70-80%","30-40%","20-30%","0","70-80%","1-10%","30-40%",4,"Low",128.8032144,178.0242654
25,2021,"2","Pipistrellus pygmaeus",46,7,0.152173913043478,"ST7570432874","SDS","302a",26,62,183.1332405,4,6,22,70,0,5,35.88,"Common Alder","Bracken","0","70-80%","30-40%","20-30%","0","70-80%","1-10%","30-40%",4,"Low",128.8032144,178.0242654
25,2021,"2","Pipistrellus pipistrellus",46,4,0.0869565217391304,"ST7570432874","SDS","302a",26,62,183.1332405,4,6,22,70,0,5,35.88,"Common Alder","Bracken","0","70-80%","30-40%","20-30%","0","70-80%","1-10%","30-40%",4,"Low",128.8032144,178.0242654
25,2021,"2","Nyctalus noctula",46,3,0.0652173913043478,"ST7570432874","SDS","302a",26,62,183.1332405,4,6,22,70,0,5,35.88,"Common Alder","Bracken","0","70-80%","30-40%","20-30%","0","70-80%","1-10%","30-40%",4,"Low",128.8032144,178.0242654
30,2021,"1","Plecotus auritus",51,1,0.0196078431372549,"ST7558435094","PS","Park Hill",44,41.8,49.65583399,7,50,16,0,0,0,8.84,"Western Hemlock","Bracken","40-50%","60-70%","1-10%","0","0","40-50%","30-40%","40-50%",5,"Low",174.8261615,209.5832043
30,2021,"1","Pipistrellus pygmaeus",51,7,0.137254901960784,"ST7558435094","PS","Park Hill",44,41.8,49.65583399,7,50,16,0,0,0,8.84,"Western Hemlock","Bracken","40-50%","60-70%","1-10%","0","0","40-50%","30-40%","40-50%",5,"Low",174.8261615,209.5832043
30,2021,"1","Nyctalus noctula",51,3,0.0588235294117647,"ST7558435094","PS","Park Hill",44,41.8,49.65583399,7,50,16,0,0,0,8.84,"Western Hemlock","Bracken","40-50%","60-70%","1-10%","0","0","40-50%","30-40%","40-50%",5,"Low",174.8261615,209.5832043
30,2021,"1","Pipistrellus pipistrellus",51,15,0.294117647058824,"ST7558435094","PS","Park Hill",44,41.8,49.65583399,7,50,16,0,0,0,8.84,"Western Hemlock","Bracken","40-50%","60-70%","1-10%","0","0","40-50%","30-40%","40-50%",5,"Low",174.8261615,209.5832043
30,2021,"1","Myotis mystacinus/brandtii",51,4,0.0784313725490196,"ST7558435094","PS","Park Hill",44,41.8,49.65583399,7,50,16,0,0,0,8.84,"Western Hemlock","Bracken","40-50%","60-70%","1-10%","0","0","40-50%","30-40%","40-50%",5,"Low",174.8261615,209.5832043
30,2021,"1","Barbastella barbastellus",51,4,0.0784313725490196,"ST7558435094","PS","Park Hill",44,41.8,49.65583399,7,50,16,0,0,0,8.84,"Western Hemlock","Bracken","40-50%","60-70%","1-10%","0","0","40-50%","30-40%","40-50%",5,"Low",174.8261615,209.5832043
30,2021,"2","Pipistrellus pygmaeus",55,1,0.0181818181818182,"ST7558435094","PS","Park Hill",44,41.8,49.65583399,7,50,16,0,0,0,8.84,"Western Hemlock","Bracken","40-50%","60-70%","1-10%","0","0","40-50%","30-40%","40-50%",5,"Low",174.8261615,209.5832043
30,2021,"2","Nyctalus noctula",55,2,0.0363636363636364,"ST7558435094","PS","Park Hill",44,41.8,49.65583399,7,50,16,0,0,0,8.84,"Western Hemlock","Bracken","40-50%","60-70%","1-10%","0","0","40-50%","30-40%","40-50%",5,"Low",174.8261615,209.5832043
30,2021,"2","Pipistrellus pipistrellus",55,1,0.0181818181818182,"ST7558435094","PS","Park Hill",44,41.8,49.65583399,7,50,16,0,0,0,8.84,"Western Hemlock","Bracken","40-50%","60-70%","1-10%","0","0","40-50%","30-40%","40-50%",5,"Low",174.8261615,209.5832043
30,2021,"2","Myotis mystacinus/brandtii",55,1,0.0181818181818182,"ST7558435094","PS","Park Hill",44,41.8,49.65583399,7,50,16,0,0,0,8.84,"Western Hemlock","Bracken","40-50%","60-70%","1-10%","0","0","40-50%","30-40%","40-50%",5,"Low",174.8261615,209.5832043
30,2021,"2","Myotis nattereri",55,1,0.0181818181818182,"ST7558435094","PS","Park Hill",44,41.8,49.65583399,7,50,16,0,0,0,8.84,"Western Hemlock","Bracken","40-50%","60-70%","1-10%","0","0","40-50%","30-40%","40-50%",5,"Low",174.8261615,209.5832043
30,2021,"2","Plecotus auritus",55,3,0.0545454545454545,"ST7558435094","PS","Park Hill",44,41.8,49.65583399,7,50,16,0,0,0,8.84,"Western Hemlock","Bracken","40-50%","60-70%","1-10%","0","0","40-50%","30-40%","40-50%",5,"Low",174.8261615,209.5832043
30,2021,"2","Barbastella barbastellus",55,4,0.0727272727272727,"ST7558435094","PS","Park Hill",44,41.8,49.65583399,7,50,16,0,0,0,8.84,"Western Hemlock","Bracken","40-50%","60-70%","1-10%","0","0","40-50%","30-40%","40-50%",5,"Low",174.8261615,209.5832043
31,2021,"1","Nyctalus noctula",44,2,0.0454545454545455,"ST7546432934","SDS","301c",18,40.6,38.42866653,5,30,12,0,35,1,26.52,"Western Hemlock","Bracken","1-10%","60-70%","1-10%","0","1-10%","60-70%","40-50%","80-90%",7,"High",175.9475321,213.2765851
31,2021,"1","Pipistrellus pygmaeus",44,1,0.0227272727272727,"ST7546432934","SDS","301c",18,40.6,38.42866653,5,30,12,0,35,1,26.52,"Western Hemlock","Bracken","1-10%","60-70%","1-10%","0","1-10%","60-70%","40-50%","80-90%",7,"High",175.9475321,213.2765851
31,2021,"1","Pipistrellus pipistrellus",44,15,0.340909090909091,"ST7546432934","SDS","301c",18,40.6,38.42866653,5,30,12,0,35,1,26.52,"Western Hemlock","Bracken","1-10%","60-70%","1-10%","0","1-10%","60-70%","40-50%","80-90%",7,"High",175.9475321,213.2765851
31,2021,"2","Nyctalus noctula",7,3,0.428571428571429,"ST7546432934","SDS","301c",18,40.6,38.42866653,5,30,12,0,35,1,26.52,"Western Hemlock","Bracken","1-10%","60-70%","1-10%","0","1-10%","60-70%","40-50%","80-90%",7,"High",175.9475321,213.2765851
32,2021,"1","Myotis mystacinus/brandtii",54,3,0.0555555555555556,"ST7420435514","RIS","807c",38,33.8,34.5437399,5,7,33,30,1,1,4.68,"none","Bramble","60-70%","1-10%","20-30%","10-20%","10-20%","40-50%","20-30%","60-70%",5,"Low",201.4943051,180.93644
32,2021,"1","Plecotus auritus",54,4,0.0740740740740741,"ST7420435514","RIS","807c",38,33.8,34.5437399,5,7,33,30,1,1,4.68,"none","Bramble","60-70%","1-10%","20-30%","10-20%","10-20%","40-50%","20-30%","60-70%",5,"Low",201.4943051,180.93644
32,2021,"1","Pipistrellus pipistrellus",54,21,0.388888888888889,"ST7420435514","RIS","807c",38,33.8,34.5437399,5,7,33,30,1,1,4.68,"none","Bramble","60-70%","1-10%","20-30%","10-20%","10-20%","40-50%","20-30%","60-70%",5,"Low",201.4943051,180.93644
32,2021,"1","Nyctalus noctula",54,2,0.037037037037037,"ST7420435514","RIS","807c",38,33.8,34.5437399,5,7,33,30,1,1,4.68,"none","Bramble","60-70%","1-10%","20-30%","10-20%","10-20%","40-50%","20-30%","60-70%",5,"Low",201.4943051,180.93644
32,2021,"1","Pipistrellus pygmaeus",54,9,0.166666666666667,"ST7420435514","RIS","807c",38,33.8,34.5437399,5,7,33,30,1,1,4.68,"none","Bramble","60-70%","1-10%","20-30%","10-20%","10-20%","40-50%","20-30%","60-70%",5,"Low",201.4943051,180.93644
32,2021,"2","Barbastella barbastellus",57,1,0.0175438596491228,"ST7420435514","RIS","807c",38,33.8,34.5437399,5,7,33,30,1,1,4.68,"none","Bramble","60-70%","1-10%","20-30%","10-20%","10-20%","40-50%","20-30%","60-70%",5,"Low",201.4943051,180.93644
32,2021,"2","Myotis mystacinus/brandtii",57,3,0.0526315789473684,"ST7420435514","RIS","807c",38,33.8,34.5437399,5,7,33,30,1,1,4.68,"none","Bramble","60-70%","1-10%","20-30%","10-20%","10-20%","40-50%","20-30%","60-70%",5,"Low",201.4943051,180.93644
32,2021,"2","Nyctalus noctula",57,3,0.0526315789473684,"ST7420435514","RIS","807c",38,33.8,34.5437399,5,7,33,30,1,1,4.68,"none","Bramble","60-70%","1-10%","20-30%","10-20%","10-20%","40-50%","20-30%","60-70%",5,"Low",201.4943051,180.93644
32,2021,"2","Plecotus auritus",57,2,0.0350877192982456,"ST7420435514","RIS","807c",38,33.8,34.5437399,5,7,33,30,1,1,4.68,"none","Bramble","60-70%","1-10%","20-30%","10-20%","10-20%","40-50%","20-30%","60-70%",5,"Low",201.4943051,180.93644
32,2021,"2","Pipistrellus pipistrellus",57,9,0.157894736842105,"ST7420435514","RIS","807c",38,33.8,34.5437399,5,7,33,30,1,1,4.68,"none","Bramble","60-70%","1-10%","20-30%","10-20%","10-20%","40-50%","20-30%","60-70%",5,"Low",201.4943051,180.93644
32,2021,"2","Pipistrellus pygmaeus",57,6,0.105263157894737,"ST7420435514","RIS","807c",38,33.8,34.5437399,5,7,33,30,1,1,4.68,"none","Bramble","60-70%","1-10%","20-30%","10-20%","10-20%","40-50%","20-30%","60-70%",5,"Low",201.4943051,180.93644
34,2021,"1","Pipistrellus pygmaeus",49,3,0.0612244897959184,"ST7426435694","RIS","807c",38,32.8,39.388073,4,3,34,25,0,1,11.18,"none","Bramble","60-70%","1-10%","30-40%","20-30%","0","40-50%","50-60%","50-60%",3,"Low",170.6636759,183.3937109
34,2021,"1","Eptesicus serotinus",49,1,0.0204081632653061,"ST7426435694","RIS","807c",38,32.8,39.388073,4,3,34,25,0,1,11.18,"none","Bramble","60-70%","1-10%","30-40%","20-30%","0","40-50%","50-60%","50-60%",3,"Low",170.6636759,183.3937109
34,2021,"1","Plecotus auritus",49,3,0.0612244897959184,"ST7426435694","RIS","807c",38,32.8,39.388073,4,3,34,25,0,1,11.18,"none","Bramble","60-70%","1-10%","30-40%","20-30%","0","40-50%","50-60%","50-60%",3,"Low",170.6636759,183.3937109
34,2021,"1","Pipistrellus pipistrellus",49,3,0.0612244897959184,"ST7426435694","RIS","807c",38,32.8,39.388073,4,3,34,25,0,1,11.18,"none","Bramble","60-70%","1-10%","30-40%","20-30%","0","40-50%","50-60%","50-60%",3,"Low",170.6636759,183.3937109
34,2021,"2","Pipistrellus pipistrellus",55,2,0.0363636363636364,"ST7426435694","RIS","807c",38,32.8,39.388073,4,3,34,25,0,1,11.18,"none","Bramble","60-70%","1-10%","30-40%","20-30%","0","40-50%","50-60%","50-60%",3,"Low",170.6636759,183.3937109
34,2021,"2","Nyctalus noctula",55,4,0.0727272727272727,"ST7426435694","RIS","807c",38,32.8,39.388073,4,3,34,25,0,1,11.18,"none","Bramble","60-70%","1-10%","30-40%","20-30%","0","40-50%","50-60%","50-60%",3,"Low",170.6636759,183.3937109
34,2021,"2","Pipistrellus pygmaeus",55,1,0.0181818181818182,"ST7426435694","RIS","807c",38,32.8,39.388073,4,3,34,25,0,1,11.18,"none","Bramble","60-70%","1-10%","30-40%","20-30%","0","40-50%","50-60%","50-60%",3,"Low",170.6636759,183.3937109
4,2021,"1","Barbastella barbastellus",52,1,0.0192307692307692,"ST7528433234","SDS","203a",30,35.4,34.38864896,4,50,6,0,24,0,12.22,"Western Hemlock","Bracken","1-10%","70-80%","1-10%","0","1-10%","50-60%","20-30%","80-90%",7,"High",174.6846697,216.2356685
4,2021,"1","Myotis mystacinus/brandtii",52,5,0.0961538461538462,"ST7528433234","SDS","203a",30,35.4,34.38864896,4,50,6,0,24,0,12.22,"Western Hemlock","Bracken","1-10%","70-80%","1-10%","0","1-10%","50-60%","20-30%","80-90%",7,"High",174.6846697,216.2356685
4,2021,"1","Plecotus auritus",52,3,0.0576923076923077,"ST7528433234","SDS","203a",30,35.4,34.38864896,4,50,6,0,24,0,12.22,"Western Hemlock","Bracken","1-10%","70-80%","1-10%","0","1-10%","50-60%","20-30%","80-90%",7,"High",174.6846697,216.2356685
4,2021,"1","Pipistrellus pipistrellus",52,3,0.0576923076923077,"ST7528433234","SDS","203a",30,35.4,34.38864896,4,50,6,0,24,0,12.22,"Western Hemlock","Bracken","1-10%","70-80%","1-10%","0","1-10%","50-60%","20-30%","80-90%",7,"High",174.6846697,216.2356685
4,2021,"1","Pipistrellus pygmaeus",52,3,0.0576923076923077,"ST7528433234","SDS","203a",30,35.4,34.38864896,4,50,6,0,24,0,12.22,"Western Hemlock","Bracken","1-10%","70-80%","1-10%","0","1-10%","50-60%","20-30%","80-90%",7,"High",174.6846697,216.2356685
4,2021,"1","Nyctalus noctula",52,2,0.0384615384615385,"ST7528433234","SDS","203a",30,35.4,34.38864896,4,50,6,0,24,0,12.22,"Western Hemlock","Bracken","1-10%","70-80%","1-10%","0","1-10%","50-60%","20-30%","80-90%",7,"High",174.6846697,216.2356685
4,2021,"1","Eptesicus serotinus",52,1,0.0192307692307692,"ST7528433234","SDS","203a",30,35.4,34.38864896,4,50,6,0,24,0,12.22,"Western Hemlock","Bracken","1-10%","70-80%","1-10%","0","1-10%","50-60%","20-30%","80-90%",7,"High",174.6846697,216.2356685
4,2021,"2","Myotis nattereri",57,1,0.0175438596491228,"ST7528433234","SDS","203a",30,35.4,34.38864896,4,50,6,0,24,0,12.22,"Western Hemlock","Bracken","1-10%","70-80%","1-10%","0","1-10%","50-60%","20-30%","80-90%",7,"High",174.6846697,216.2356685
4,2021,"2","Barbastella barbastellus",57,1,0.0175438596491228,"ST7528433234","SDS","203a",30,35.4,34.38864896,4,50,6,0,24,0,12.22,"Western Hemlock","Bracken","1-10%","70-80%","1-10%","0","1-10%","50-60%","20-30%","80-90%",7,"High",174.6846697,216.2356685
4,2021,"2","Pipistrellus pipistrellus",57,3,0.0526315789473684,"ST7528433234","SDS","203a",30,35.4,34.38864896,4,50,6,0,24,0,12.22,"Western Hemlock","Bracken","1-10%","70-80%","1-10%","0","1-10%","50-60%","20-30%","80-90%",7,"High",174.6846697,216.2356685
4,2021,"2","Plecotus auritus",57,1,0.0175438596491228,"ST7528433234","SDS","203a",30,35.4,34.38864896,4,50,6,0,24,0,12.22,"Western Hemlock","Bracken","1-10%","70-80%","1-10%","0","1-10%","50-60%","20-30%","80-90%",7,"High",174.6846697,216.2356685
4,2021,"2","Eptesicus serotinus",57,2,0.0350877192982456,"ST7528433234","SDS","203a",30,35.4,34.38864896,4,50,6,0,24,0,12.22,"Western Hemlock","Bracken","1-10%","70-80%","1-10%","0","1-10%","50-60%","20-30%","80-90%",7,"High",174.6846697,216.2356685
4,2021,"2","Nyctalus noctula",57,8,0.140350877192982,"ST7528433234","SDS","203a",30,35.4,34.38864896,4,50,6,0,24,0,12.22,"Western Hemlock","Bracken","1-10%","70-80%","1-10%","0","1-10%","50-60%","20-30%","80-90%",7,"High",174.6846697,216.2356685
4,2021,"2","Myotis mystacinus/brandtii",57,1,0.0175438596491228,"ST7528433234","SDS","203a",30,35.4,34.38864896,4,50,6,0,24,0,12.22,"Western Hemlock","Bracken","1-10%","70-80%","1-10%","0","1-10%","50-60%","20-30%","80-90%",7,"High",174.6846697,216.2356685
4,2021,"2","Pipistrellus pygmaeus",57,4,0.0701754385964912,"ST7528433234","SDS","203a",30,35.4,34.38864896,4,50,6,0,24,0,12.22,"Western Hemlock","Bracken","1-10%","70-80%","1-10%","0","1-10%","50-60%","20-30%","80-90%",7,"High",174.6846697,216.2356685
42,2021,"1","Pipistrellus pygmaeus",54,3,0.0555555555555556,"ST7582435034","PS","Park Hill",44,39.6,47.24161153,5,50,24,0,0,0,2.86,"Western Hemlock","Bracken","10-20%","20-30%","20-30%","1-10%","0","20-30%","30-40%","50-60%",4,"Low",173.4715013,210.7821873
42,2021,"1","Myotis mystacinus/brandtii",54,4,0.0740740740740741,"ST7582435034","PS","Park Hill",44,39.6,47.24161153,5,50,24,0,0,0,2.86,"Western Hemlock","Bracken","10-20%","20-30%","20-30%","1-10%","0","20-30%","30-40%","50-60%",4,"Low",173.4715013,210.7821873
42,2021,"1","Pipistrellus pipistrellus",54,7,0.12962962962963,"ST7582435034","PS","Park Hill",44,39.6,47.24161153,5,50,24,0,0,0,2.86,"Western Hemlock","Bracken","10-20%","20-30%","20-30%","1-10%","0","20-30%","30-40%","50-60%",4,"Low",173.4715013,210.7821873
42,2021,"1","Plecotus auritus",54,4,0.0740740740740741,"ST7582435034","PS","Park Hill",44,39.6,47.24161153,5,50,24,0,0,0,2.86,"Western Hemlock","Bracken","10-20%","20-30%","20-30%","1-10%","0","20-30%","30-40%","50-60%",4,"Low",173.4715013,210.7821873
42,2021,"1","Myotis nattereri",54,3,0.0555555555555556,"ST7582435034","PS","Park Hill",44,39.6,47.24161153,5,50,24,0,0,0,2.86,"Western Hemlock","Bracken","10-20%","20-30%","20-30%","1-10%","0","20-30%","30-40%","50-60%",4,"Low",173.4715013,210.7821873
42,2021,"1","Nyctalus noctula",54,2,0.037037037037037,"ST7582435034","PS","Park Hill",44,39.6,47.24161153,5,50,24,0,0,0,2.86,"Western Hemlock","Bracken","10-20%","20-30%","20-30%","1-10%","0","20-30%","30-40%","50-60%",4,"Low",173.4715013,210.7821873
42,2021,"2","Nyctalus noctula",58,2,0.0344827586206897,"ST7582435034","PS","Park Hill",44,39.6,47.24161153,5,50,24,0,0,0,2.86,"Western Hemlock","Bracken","10-20%","20-30%","20-30%","1-10%","0","20-30%","30-40%","50-60%",4,"Low",173.4715013,210.7821873
42,2021,"2","Plecotus auritus",58,4,0.0689655172413793,"ST7582435034","PS","Park Hill",44,39.6,47.24161153,5,50,24,0,0,0,2.86,"Western Hemlock","Bracken","10-20%","20-30%","20-30%","1-10%","0","20-30%","30-40%","50-60%",4,"Low",173.4715013,210.7821873
42,2021,"2","Pipistrellus pygmaeus",58,4,0.0689655172413793,"ST7582435034","PS","Park Hill",44,39.6,47.24161153,5,50,24,0,0,0,2.86,"Western Hemlock","Bracken","10-20%","20-30%","20-30%","1-10%","0","20-30%","30-40%","50-60%",4,"Low",173.4715013,210.7821873
42,2021,"2","Myotis nattereri",58,1,0.0172413793103448,"ST7582435034","PS","Park Hill",44,39.6,47.24161153,5,50,24,0,0,0,2.86,"Western Hemlock","Bracken","10-20%","20-30%","20-30%","1-10%","0","20-30%","30-40%","50-60%",4,"Low",173.4715013,210.7821873
42,2021,"2","Myotis mystacinus/brandtii",58,3,0.0517241379310345,"ST7582435034","PS","Park Hill",44,39.6,47.24161153,5,50,24,0,0,0,2.86,"Western Hemlock","Bracken","10-20%","20-30%","20-30%","1-10%","0","20-30%","30-40%","50-60%",4,"Low",173.4715013,210.7821873
42,2021,"2","Pipistrellus pipistrellus",58,2,0.0344827586206897,"ST7582435034","PS","Park Hill",44,39.6,47.24161153,5,50,24,0,0,0,2.86,"Western Hemlock","Bracken","10-20%","20-30%","20-30%","1-10%","0","20-30%","30-40%","50-60%",4,"Low",173.4715013,210.7821873
5,2021,"1","Myotis mystacinus/brandtii",54,1,0.0185185185185185,"ST7516436174","RIS","805a",36,40.2,60.56066891,5,9,26,10,5,2,17.68,"none","Mosses","30-40%","1-10%","10-20%","20-30%","1-10%","60-70%","40-50%","70-80%",3,"Low",187.4471596,171.2737353
5,2021,"1","Plecotus auritus",54,2,0.037037037037037,"ST7516436174","RIS","805a",36,40.2,60.56066891,5,9,26,10,5,2,17.68,"none","Mosses","30-40%","1-10%","10-20%","20-30%","1-10%","60-70%","40-50%","70-80%",3,"Low",187.4471596,171.2737353
5,2021,"1","Pipistrellus pipistrellus",54,16,0.296296296296296,"ST7516436174","RIS","805a",36,40.2,60.56066891,5,9,26,10,5,2,17.68,"none","Mosses","30-40%","1-10%","10-20%","20-30%","1-10%","60-70%","40-50%","70-80%",3,"Low",187.4471596,171.2737353
5,2021,"1","Myotis nattereri",54,5,0.0925925925925926,"ST7516436174","RIS","805a",36,40.2,60.56066891,5,9,26,10,5,2,17.68,"none","Mosses","30-40%","1-10%","10-20%","20-30%","1-10%","60-70%","40-50%","70-80%",3,"Low",187.4471596,171.2737353
5,2021,"1","Pipistrellus pygmaeus",54,10,0.185185185185185,"ST7516436174","RIS","805a",36,40.2,60.56066891,5,9,26,10,5,2,17.68,"none","Mosses","30-40%","1-10%","10-20%","20-30%","1-10%","60-70%","40-50%","70-80%",3,"Low",187.4471596,171.2737353
5,2021,"2","Nyctalus noctula",60,1,0.0166666666666667,"ST7516436174","RIS","805a",36,40.2,60.56066891,5,9,26,10,5,2,17.68,"none","Mosses","30-40%","1-10%","10-20%","20-30%","1-10%","60-70%","40-50%","70-80%",3,"Low",187.4471596,171.2737353
5,2021,"2","Myotis mystacinus/brandtii",60,1,0.0166666666666667,"ST7516436174","RIS","805a",36,40.2,60.56066891,5,9,26,10,5,2,17.68,"none","Mosses","30-40%","1-10%","10-20%","20-30%","1-10%","60-70%","40-50%","70-80%",3,"Low",187.4471596,171.2737353
5,2021,"2","Eptesicus serotinus",60,1,0.0166666666666667,"ST7516436174","RIS","805a",36,40.2,60.56066891,5,9,26,10,5,2,17.68,"none","Mosses","30-40%","1-10%","10-20%","20-30%","1-10%","60-70%","40-50%","70-80%",3,"Low",187.4471596,171.2737353
5,2021,"2","Pipistrellus pipistrellus",60,5,0.0833333333333333,"ST7516436174","RIS","805a",36,40.2,60.56066891,5,9,26,10,5,2,17.68,"none","Mosses","30-40%","1-10%","10-20%","20-30%","1-10%","60-70%","40-50%","70-80%",3,"Low",187.4471596,171.2737353
5,2021,"2","Myotis nattereri",60,3,0.05,"ST7516436174","RIS","805a",36,40.2,60.56066891,5,9,26,10,5,2,17.68,"none","Mosses","30-40%","1-10%","10-20%","20-30%","1-10%","60-70%","40-50%","70-80%",3,"Low",187.4471596,171.2737353
5,2021,"2","Pipistrellus pygmaeus",60,6,0.1,"ST7516436174","RIS","805a",36,40.2,60.56066891,5,9,26,10,5,2,17.68,"none","Mosses","30-40%","1-10%","10-20%","20-30%","1-10%","60-70%","40-50%","70-80%",3,"Low",187.4471596,171.2737353
51,2021,"1","Plecotus auritus",53,2,0.0377358490566038,"ST7564432754","SDS","301d",32,73.4,125.2914107,7,4,12,100,35,10,4.42,"Western Hemlock","Bracken","1-10%","50-60%","10-20%","0","1-10%","1-10%","30-40%","90-100%",5,"Low",78.88502524,201.6062135
51,2021,"1","Myotis mystacinus/brandtii",53,2,0.0377358490566038,"ST7564432754","SDS","301d",32,73.4,125.2914107,7,4,12,100,35,10,4.42,"Western Hemlock","Bracken","1-10%","50-60%","10-20%","0","1-10%","1-10%","30-40%","90-100%",5,"Low",78.88502524,201.6062135
51,2021,"1","Nyctalus noctula",53,1,0.0188679245283019,"ST7564432754","SDS","301d",32,73.4,125.2914107,7,4,12,100,35,10,4.42,"Western Hemlock","Bracken","1-10%","50-60%","10-20%","0","1-10%","1-10%","30-40%","90-100%",5,"Low",78.88502524,201.6062135
51,2021,"1","Pipistrellus pipistrellus",53,9,0.169811320754717,"ST7564432754","SDS","301d",32,73.4,125.2914107,7,4,12,100,35,10,4.42,"Western Hemlock","Bracken","1-10%","50-60%","10-20%","0","1-10%","1-10%","30-40%","90-100%",5,"Low",78.88502524,201.6062135
51,2021,"1","Pipistrellus pygmaeus",53,32,0.60377358490566,"ST7564432754","SDS","301d",32,73.4,125.2914107,7,4,12,100,35,10,4.42,"Western Hemlock","Bracken","1-10%","50-60%","10-20%","0","1-10%","1-10%","30-40%","90-100%",5,"Low",78.88502524,201.6062135
51,2021,"1","Myotis nattereri",53,1,0.0188679245283019,"ST7564432754","SDS","301d",32,73.4,125.2914107,7,4,12,100,35,10,4.42,"Western Hemlock","Bracken","1-10%","50-60%","10-20%","0","1-10%","1-10%","30-40%","90-100%",5,"Low",78.88502524,201.6062135
51,2021,"1","Barbastella barbastellus",53,11,0.207547169811321,"ST7564432754","SDS","301d",32,73.4,125.2914107,7,4,12,100,35,10,4.42,"Western Hemlock","Bracken","1-10%","50-60%","10-20%","0","1-10%","1-10%","30-40%","90-100%",5,"Low",78.88502524,201.6062135
51,2021,"2","Myotis nattereri",55,1,0.0181818181818182,"ST7564432754","SDS","301d",32,73.4,125.2914107,7,4,12,100,35,10,4.42,"Western Hemlock","Bracken","1-10%","50-60%","10-20%","0","1-10%","1-10%","30-40%","90-100%",5,"Low",78.88502524,201.6062135
51,2021,"2","Myotis daubentonii",55,2,0.0363636363636364,"ST7564432754","SDS","301d",32,73.4,125.2914107,7,4,12,100,35,10,4.42,"Western Hemlock","Bracken","1-10%","50-60%","10-20%","0","1-10%","1-10%","30-40%","90-100%",5,"Low",78.88502524,201.6062135
51,2021,"2","Plecotus auritus",55,3,0.0545454545454545,"ST7564432754","SDS","301d",32,73.4,125.2914107,7,4,12,100,35,10,4.42,"Western Hemlock","Bracken","1-10%","50-60%","10-20%","0","1-10%","1-10%","30-40%","90-100%",5,"Low",78.88502524,201.6062135
51,2021,"2","Nyctalus noctula",55,2,0.0363636363636364,"ST7564432754","SDS","301d",32,73.4,125.2914107,7,4,12,100,35,10,4.42,"Western Hemlock","Bracken","1-10%","50-60%","10-20%","0","1-10%","1-10%","30-40%","90-100%",5,"Low",78.88502524,201.6062135
51,2021,"2","Myotis mystacinus/brandtii",55,18,0.327272727272727,"ST7564432754","SDS","301d",32,73.4,125.2914107,7,4,12,100,35,10,4.42,"Western Hemlock","Bracken","1-10%","50-60%","10-20%","0","1-10%","1-10%","30-40%","90-100%",5,"Low",78.88502524,201.6062135
51,2021,"2","Pipistrellus pipistrellus",55,34,0.618181818181818,"ST7564432754","SDS","301d",32,73.4,125.2914107,7,4,12,100,35,10,4.42,"Western Hemlock","Bracken","1-10%","50-60%","10-20%","0","1-10%","1-10%","30-40%","90-100%",5,"Low",78.88502524,201.6062135
51,2021,"2","Pipistrellus pygmaeus",55,31,0.563636363636364,"ST7564432754","SDS","301d",32,73.4,125.2914107,7,4,12,100,35,10,4.42,"Western Hemlock","Bracken","1-10%","50-60%","10-20%","0","1-10%","1-10%","30-40%","90-100%",5,"Low",78.88502524,201.6062135
51,2021,"2","Barbastella barbastellus",55,7,0.127272727272727,"ST7564432754","SDS","301d",32,73.4,125.2914107,7,4,12,100,35,10,4.42,"Western Hemlock","Bracken","1-10%","50-60%","10-20%","0","1-10%","1-10%","30-40%","90-100%",5,"Low",78.88502524,201.6062135
55,2021,"1","Pipistrellus pygmaeus",53,1,0.0188679245283019,"ST7597532791","SDS","302g",32,53.2,220.7000941,7,3,37,25,7,2,4.68,"Birch","Bracken","0","30-40%","20-30%","1-10%","1-10%","10-20%","40-50%","90-100%",3,"Low",173.9007687,163.4455755
55,2021,"1","Nyctalus noctula",53,3,0.0566037735849057,"ST7597532791","SDS","302g",32,53.2,220.7000941,7,3,37,25,7,2,4.68,"Birch","Bracken","0","30-40%","20-30%","1-10%","1-10%","10-20%","40-50%","90-100%",3,"Low",173.9007687,163.4455755
55,2021,"2","Pipistrellus pygmaeus",25,1,0.04,"ST7597532791","SDS","302g",32,53.2,220.7000941,7,3,37,25,7,2,4.68,"Birch","Bracken","0","30-40%","20-30%","1-10%","1-10%","10-20%","40-50%","90-100%",3,"Low",173.9007687,163.4455755
55,2021,"2","Myotis mystacinus/brandtii",25,2,0.08,"ST7597532791","SDS","302g",32,53.2,220.7000941,7,3,37,25,7,2,4.68,"Birch","Bracken","0","30-40%","20-30%","1-10%","1-10%","10-20%","40-50%","90-100%",3,"Low",173.9007687,163.4455755
55,2021,"2","Nyctalus noctula",25,3,0.12,"ST7597532791","SDS","302g",32,53.2,220.7000941,7,3,37,25,7,2,4.68,"Birch","Bracken","0","30-40%","20-30%","1-10%","1-10%","10-20%","40-50%","90-100%",3,"Low",173.9007687,163.4455755
56,2021,"1","Pipistrellus pygmaeus",53,1,0.0188679245283019,"ST7588434974","PS","Park Hill",38,37.8,15.87741711,5,10,21,5,0,1,10.66,"Western Hemlock","Bramble","40-50%","10-20%","1-10%","0","0","50-60%","40-50%","40-50%",5,"Low",180.4056693,199.0534627
56,2021,"1","Myotis nattereri",53,2,0.0377358490566038,"ST7588434974","PS","Park Hill",38,37.8,15.87741711,5,10,21,5,0,1,10.66,"Western Hemlock","Bramble","40-50%","10-20%","1-10%","0","0","50-60%","40-50%","40-50%",5,"Low",180.4056693,199.0534627
56,2021,"1","Nyctalus noctula",53,5,0.0943396226415094,"ST7588434974","PS","Park Hill",38,37.8,15.87741711,5,10,21,5,0,1,10.66,"Western Hemlock","Bramble","40-50%","10-20%","1-10%","0","0","50-60%","40-50%","40-50%",5,"Low",180.4056693,199.0534627
56,2021,"2","Myotis nattereri",46,1,0.0217391304347826,"ST7588434974","PS","Park Hill",38,37.8,15.87741711,5,10,21,5,0,1,10.66,"Western Hemlock","Bramble","40-50%","10-20%","1-10%","0","0","50-60%","40-50%","40-50%",5,"Low",180.4056693,199.0534627
56,2021,"2","Plecotus auritus",46,1,0.0217391304347826,"ST7588434974","PS","Park Hill",38,37.8,15.87741711,5,10,21,5,0,1,10.66,"Western Hemlock","Bramble","40-50%","10-20%","1-10%","0","0","50-60%","40-50%","40-50%",5,"Low",180.4056693,199.0534627
56,2021,"2","Pipistrellus pygmaeus",46,4,0.0869565217391304,"ST7588434974","PS","Park Hill",38,37.8,15.87741711,5,10,21,5,0,1,10.66,"Western Hemlock","Bramble","40-50%","10-20%","1-10%","0","0","50-60%","40-50%","40-50%",5,"Low",180.4056693,199.0534627
56,2021,"2","Pipistrellus pipistrellus",46,1,0.0217391304347826,"ST7588434974","PS","Park Hill",38,37.8,15.87741711,5,10,21,5,0,1,10.66,"Western Hemlock","Bramble","40-50%","10-20%","1-10%","0","0","50-60%","40-50%","40-50%",5,"Low",180.4056693,199.0534627
56,2021,"2","Myotis mystacinus/brandtii",46,1,0.0217391304347826,"ST7588434974","PS","Park Hill",38,37.8,15.87741711,5,10,21,5,0,1,10.66,"Western Hemlock","Bramble","40-50%","10-20%","1-10%","0","0","50-60%","40-50%","40-50%",5,"Low",180.4056693,199.0534627
56,2021,"2","Myotis daubentonii",46,2,0.0434782608695652,"ST7588434974","PS","Park Hill",38,37.8,15.87741711,5,10,21,5,0,1,10.66,"Western Hemlock","Bramble","40-50%","10-20%","1-10%","0","0","50-60%","40-50%","40-50%",5,"Low",180.4056693,199.0534627
56,2021,"2","Nyctalus noctula",46,7,0.152173913043478,"ST7588434974","PS","Park Hill",38,37.8,15.87741711,5,10,21,5,0,1,10.66,"Western Hemlock","Bramble","40-50%","10-20%","1-10%","0","0","50-60%","40-50%","40-50%",5,"Low",180.4056693,199.0534627
62,2021,"1","Myotis mystacinus/brandtii",55,2,0.0363636363636364,"ST7552432694","SDS","301f",26,57.8,58.86333937,4,40,9,0,2,0,16.64,"Western Hemlock","Bracken","0","10-20%","0","0","1-10%","1-10%","80-90%","90-100%",6,"High",154.3749118,229.6153961
62,2021,"1","Plecotus auritus",55,5,0.0909090909090909,"ST7552432694","SDS","301f",26,57.8,58.86333937,4,40,9,0,2,0,16.64,"Western Hemlock","Bracken","0","10-20%","0","0","1-10%","1-10%","80-90%","90-100%",6,"High",154.3749118,229.6153961
62,2021,"1","Nyctalus noctula",55,1,0.0181818181818182,"ST7552432694","SDS","301f",26,57.8,58.86333937,4,40,9,0,2,0,16.64,"Western Hemlock","Bracken","0","10-20%","0","0","1-10%","1-10%","80-90%","90-100%",6,"High",154.3749118,229.6153961
62,2021,"1","Barbastella barbastellus",55,11,0.2,"ST7552432694","SDS","301f",26,57.8,58.86333937,4,40,9,0,2,0,16.64,"Western Hemlock","Bracken","0","10-20%","0","0","1-10%","1-10%","80-90%","90-100%",6,"High",154.3749118,229.6153961
62,2021,"1","Pipistrellus pygmaeus",55,2,0.0363636363636364,"ST7552432694","SDS","301f",26,57.8,58.86333937,4,40,9,0,2,0,16.64,"Western Hemlock","Bracken","0","10-20%","0","0","1-10%","1-10%","80-90%","90-100%",6,"High",154.3749118,229.6153961
62,2021,"1","Pipistrellus pipistrellus",55,5,0.0909090909090909,"ST7552432694","SDS","301f",26,57.8,58.86333937,4,40,9,0,2,0,16.64,"Western Hemlock","Bracken","0","10-20%","0","0","1-10%","1-10%","80-90%","90-100%",6,"High",154.3749118,229.6153961
62,2021,"2","Plecotus auritus",56,2,0.0357142857142857,"ST7552432694","SDS","301f",26,57.8,58.86333937,4,40,9,0,2,0,16.64,"Western Hemlock","Bracken","0","10-20%","0","0","1-10%","1-10%","80-90%","90-100%",6,"High",154.3749118,229.6153961
62,2021,"2","Pipistrellus pygmaeus",56,4,0.0714285714285714,"ST7552432694","SDS","301f",26,57.8,58.86333937,4,40,9,0,2,0,16.64,"Western Hemlock","Bracken","0","10-20%","0","0","1-10%","1-10%","80-90%","90-100%",6,"High",154.3749118,229.6153961
62,2021,"2","Pipistrellus pipistrellus",56,2,0.0357142857142857,"ST7552432694","SDS","301f",26,57.8,58.86333937,4,40,9,0,2,0,16.64,"Western Hemlock","Bracken","0","10-20%","0","0","1-10%","1-10%","80-90%","90-100%",6,"High",154.3749118,229.6153961
62,2021,"2","Eptesicus serotinus",56,2,0.0357142857142857,"ST7552432694","SDS","301f",26,57.8,58.86333937,4,40,9,0,2,0,16.64,"Western Hemlock","Bracken","0","10-20%","0","0","1-10%","1-10%","80-90%","90-100%",6,"High",154.3749118,229.6153961
62,2021,"2","Barbastella barbastellus",56,2,0.0357142857142857,"ST7552432694","SDS","301f",26,57.8,58.86333937,4,40,9,0,2,0,16.64,"Western Hemlock","Bracken","0","10-20%","0","0","1-10%","1-10%","80-90%","90-100%",6,"High",154.3749118,229.6153961
66,2021,"1","Nyctalus noctula",52,2,0.0384615384615385,"ST7600434914","PS","Park Hill",42,45.4,42.40606466,3,50,19,0,6,1,16.38,"none","No field layer","1-10%","0","1-10%","0","1-10%","1-10%","90-100%","90-100%",3,"Low",186.1237042,205.2454825
66,2021,"1","Myotis nattereri",52,1,0.0192307692307692,"ST7600434914","PS","Park Hill",42,45.4,42.40606466,3,50,19,0,6,1,16.38,"none","No field layer","1-10%","0","1-10%","0","1-10%","1-10%","90-100%","90-100%",3,"Low",186.1237042,205.2454825
66,2021,"1","Pipistrellus pygmaeus",52,12,0.230769230769231,"ST7600434914","PS","Park Hill",42,45.4,42.40606466,3,50,19,0,6,1,16.38,"none","No field layer","1-10%","0","1-10%","0","1-10%","1-10%","90-100%","90-100%",3,"Low",186.1237042,205.2454825
66,2021,"1","Plecotus auritus",52,3,0.0576923076923077,"ST7600434914","PS","Park Hill",42,45.4,42.40606466,3,50,19,0,6,1,16.38,"none","No field layer","1-10%","0","1-10%","0","1-10%","1-10%","90-100%","90-100%",3,"Low",186.1237042,205.2454825
66,2021,"1","Barbastella barbastellus",52,5,0.0961538461538462,"ST7600434914","PS","Park Hill",42,45.4,42.40606466,3,50,19,0,6,1,16.38,"none","No field layer","1-10%","0","1-10%","0","1-10%","1-10%","90-100%","90-100%",3,"Low",186.1237042,205.2454825
66,2021,"2","Pipistrellus pygmaeus",30,3,0.1,"ST7600434914","PS","Park Hill",42,45.4,42.40606466,3,50,19,0,6,1,16.38,"none","No field layer","1-10%","0","1-10%","0","1-10%","1-10%","90-100%","90-100%",3,"Low",186.1237042,205.2454825
66,2021,"2","Myotis nattereri",30,2,0.0666666666666667,"ST7600434914","PS","Park Hill",42,45.4,42.40606466,3,50,19,0,6,1,16.38,"none","No field layer","1-10%","0","1-10%","0","1-10%","1-10%","90-100%","90-100%",3,"Low",186.1237042,205.2454825
66,2021,"2","Barbastella barbastellus",30,3,0.1,"ST7600434914","PS","Park Hill",42,45.4,42.40606466,3,50,19,0,6,1,16.38,"none","No field layer","1-10%","0","1-10%","0","1-10%","1-10%","90-100%","90-100%",3,"Low",186.1237042,205.2454825
66,2021,"2","Nyctalus noctula",30,2,0.0666666666666667,"ST7600434914","PS","Park Hill",42,45.4,42.40606466,3,50,19,0,6,1,16.38,"none","No field layer","1-10%","0","1-10%","0","1-10%","1-10%","90-100%","90-100%",3,"Low",186.1237042,205.2454825
68,2021,"1","Barbastella barbastellus",52,1,0.0192307692307692,"ST7618432694","SDS","302h",16,49.4,80.26366432,9,10,10,50,2,0,30.42,"Holly","Bracken","0","70-80%","20-30%","1-10%","1-10%","20-30%","40-50%","50-60%",6,"High",123.2609002,150.1589796
68,2021,"1","Myotis mystacinus/brandtii",52,21,0.403846153846154,"ST7618432694","SDS","302h",16,49.4,80.26366432,9,10,10,50,2,0,30.42,"Holly","Bracken","0","70-80%","20-30%","1-10%","1-10%","20-30%","40-50%","50-60%",6,"High",123.2609002,150.1589796
68,2021,"1","Pipistrellus pygmaeus",52,25,0.480769230769231,"ST7618432694","SDS","302h",16,49.4,80.26366432,9,10,10,50,2,0,30.42,"Holly","Bracken","0","70-80%","20-30%","1-10%","1-10%","20-30%","40-50%","50-60%",6,"High",123.2609002,150.1589796
68,2021,"1","Nyctalus noctula",52,1,0.0192307692307692,"ST7618432694","SDS","302h",16,49.4,80.26366432,9,10,10,50,2,0,30.42,"Holly","Bracken","0","70-80%","20-30%","1-10%","1-10%","20-30%","40-50%","50-60%",6,"High",123.2609002,150.1589796
68,2021,"1","Eptesicus serotinus",52,1,0.0192307692307692,"ST7618432694","SDS","302h",16,49.4,80.26366432,9,10,10,50,2,0,30.42,"Holly","Bracken","0","70-80%","20-30%","1-10%","1-10%","20-30%","40-50%","50-60%",6,"High",123.2609002,150.1589796
68,2021,"1","Pipistrellus pipistrellus",52,14,0.269230769230769,"ST7618432694","SDS","302h",16,49.4,80.26366432,9,10,10,50,2,0,30.42,"Holly","Bracken","0","70-80%","20-30%","1-10%","1-10%","20-30%","40-50%","50-60%",6,"High",123.2609002,150.1589796
68,2021,"1","Myotis nattereri",52,5,0.0961538461538462,"ST7618432694","SDS","302h",16,49.4,80.26366432,9,10,10,50,2,0,30.42,"Holly","Bracken","0","70-80%","20-30%","1-10%","1-10%","20-30%","40-50%","50-60%",6,"High",123.2609002,150.1589796
68,2021,"1","Myotis daubentonii",52,8,0.153846153846154,"ST7618432694","SDS","302h",16,49.4,80.26366432,9,10,10,50,2,0,30.42,"Holly","Bracken","0","70-80%","20-30%","1-10%","1-10%","20-30%","40-50%","50-60%",6,"High",123.2609002,150.1589796
68,2021,"2","Myotis nattereri",50,1,0.02,"ST7618432694","SDS","302h",16,49.4,80.26366432,9,10,10,50,2,0,30.42,"Holly","Bracken","0","70-80%","20-30%","1-10%","1-10%","20-30%","40-50%","50-60%",6,"High",123.2609002,150.1589796
68,2021,"2","Plecotus auritus",50,3,0.06,"ST7618432694","SDS","302h",16,49.4,80.26366432,9,10,10,50,2,0,30.42,"Holly","Bracken","0","70-80%","20-30%","1-10%","1-10%","20-30%","40-50%","50-60%",6,"High",123.2609002,150.1589796
68,2021,"2","Myotis mystacinus/brandtii",50,12,0.24,"ST7618432694","SDS","302h",16,49.4,80.26366432,9,10,10,50,2,0,30.42,"Holly","Bracken","0","70-80%","20-30%","1-10%","1-10%","20-30%","40-50%","50-60%",6,"High",123.2609002,150.1589796
68,2021,"2","Pipistrellus pipistrellus",50,5,0.1,"ST7618432694","SDS","302h",16,49.4,80.26366432,9,10,10,50,2,0,30.42,"Holly","Bracken","0","70-80%","20-30%","1-10%","1-10%","20-30%","40-50%","50-60%",6,"High",123.2609002,150.1589796
68,2021,"2","Barbastella barbastellus",50,3,0.06,"ST7618432694","SDS","302h",16,49.4,80.26366432,9,10,10,50,2,0,30.42,"Holly","Bracken","0","70-80%","20-30%","1-10%","1-10%","20-30%","40-50%","50-60%",6,"High",123.2609002,150.1589796
68,2021,"2","Pipistrellus pygmaeus",50,4,0.08,"ST7618432694","SDS","302h",16,49.4,80.26366432,9,10,10,50,2,0,30.42,"Holly","Bracken","0","70-80%","20-30%","1-10%","1-10%","20-30%","40-50%","50-60%",6,"High",123.2609002,150.1589796
68,2021,"2","Myotis daubentonii",50,2,0.04,"ST7618432694","SDS","302h",16,49.4,80.26366432,9,10,10,50,2,0,30.42,"Holly","Bracken","0","70-80%","20-30%","1-10%","1-10%","20-30%","40-50%","50-60%",6,"High",123.2609002,150.1589796
74,2021,"1","Nyctalus noctula",52,4,0.0769230769230769,"ST7576432574","SDS","301f",22,52,195.9178531,4,30,10,0,45,1,24.44,"Western Hemlock","Bracken","10-20%","50-60%","1-10%","1-10%","1-10%","50-60%","30-40%","50-60%",5,"Low",161.3500781,180.3263286
74,2021,"1","Plecotus auritus",52,1,0.0192307692307692,"ST7576432574","SDS","301f",22,52,195.9178531,4,30,10,0,45,1,24.44,"Western Hemlock","Bracken","10-20%","50-60%","1-10%","1-10%","1-10%","50-60%","30-40%","50-60%",5,"Low",161.3500781,180.3263286
74,2021,"1","Myotis nattereri",52,1,0.0192307692307692,"ST7576432574","SDS","301f",22,52,195.9178531,4,30,10,0,45,1,24.44,"Western Hemlock","Bracken","10-20%","50-60%","1-10%","1-10%","1-10%","50-60%","30-40%","50-60%",5,"Low",161.3500781,180.3263286
74,2021,"1","Pipistrellus pygmaeus",52,2,0.0384615384615385,"ST7576432574","SDS","301f",22,52,195.9178531,4,30,10,0,45,1,24.44,"Western Hemlock","Bracken","10-20%","50-60%","1-10%","1-10%","1-10%","50-60%","30-40%","50-60%",5,"Low",161.3500781,180.3263286
74,2021,"1","Myotis mystacinus/brandtii",52,1,0.0192307692307692,"ST7576432574","SDS","301f",22,52,195.9178531,4,30,10,0,45,1,24.44,"Western Hemlock","Bracken","10-20%","50-60%","1-10%","1-10%","1-10%","50-60%","30-40%","50-60%",5,"Low",161.3500781,180.3263286
74,2021,"1","Pipistrellus pipistrellus",52,12,0.230769230769231,"ST7576432574","SDS","301f",22,52,195.9178531,4,30,10,0,45,1,24.44,"Western Hemlock","Bracken","10-20%","50-60%","1-10%","1-10%","1-10%","50-60%","30-40%","50-60%",5,"Low",161.3500781,180.3263286
74,2021,"1","Barbastella barbastellus",52,2,0.0384615384615385,"ST7576432574","SDS","301f",22,52,195.9178531,4,30,10,0,45,1,24.44,"Western Hemlock","Bracken","10-20%","50-60%","1-10%","1-10%","1-10%","50-60%","30-40%","50-60%",5,"Low",161.3500781,180.3263286
74,2021,"2","Myotis nattereri",47,1,0.0212765957446809,"ST7576432574","SDS","301f",22,52,195.9178531,4,30,10,0,45,1,24.44,"Western Hemlock","Bracken","10-20%","50-60%","1-10%","1-10%","1-10%","50-60%","30-40%","50-60%",5,"Low",161.3500781,180.3263286
74,2021,"2","Eptesicus serotinus",47,3,0.0638297872340425,"ST7576432574","SDS","301f",22,52,195.9178531,4,30,10,0,45,1,24.44,"Western Hemlock","Bracken","10-20%","50-60%","1-10%","1-10%","1-10%","50-60%","30-40%","50-60%",5,"Low",161.3500781,180.3263286
74,2021,"2","Nyctalus noctula",47,1,0.0212765957446809,"ST7576432574","SDS","301f",22,52,195.9178531,4,30,10,0,45,1,24.44,"Western Hemlock","Bracken","10-20%","50-60%","1-10%","1-10%","1-10%","50-60%","30-40%","50-60%",5,"Low",161.3500781,180.3263286
74,2021,"2","Pipistrellus pipistrellus",47,3,0.0638297872340425,"ST7576432574","SDS","301f",22,52,195.9178531,4,30,10,0,45,1,24.44,"Western Hemlock","Bracken","10-20%","50-60%","1-10%","1-10%","1-10%","50-60%","30-40%","50-60%",5,"Low",161.3500781,180.3263286
74,2021,"2","Pipistrellus pygmaeus",47,9,0.191489361702128,"ST7576432574","SDS","301f",22,52,195.9178531,4,30,10,0,45,1,24.44,"Western Hemlock","Bracken","10-20%","50-60%","1-10%","1-10%","1-10%","50-60%","30-40%","50-60%",5,"Low",161.3500781,180.3263286
82,2021,"1","Eptesicus serotinus",58,1,0.0172413793103448,"ST7624434554","PS","Tucking Mill Hanging",34,59.4,64.23619551,3,50,8,0,0,1,11.96,"Western Hemlock","Bramble","20-30%","1-10%","1-10%","1-10%","1-10%","1-10%","20-30%","80-90%",4,"Low",174.351799,207.5556255
82,2021,"1","Myotis mystacinus/brandtii",58,2,0.0344827586206897,"ST7624434554","PS","Tucking Mill Hanging",34,59.4,64.23619551,3,50,8,0,0,1,11.96,"Western Hemlock","Bramble","20-30%","1-10%","1-10%","1-10%","1-10%","1-10%","20-30%","80-90%",4,"Low",174.351799,207.5556255
82,2021,"1","Myotis nattereri",58,4,0.0689655172413793,"ST7624434554","PS","Tucking Mill Hanging",34,59.4,64.23619551,3,50,8,0,0,1,11.96,"Western Hemlock","Bramble","20-30%","1-10%","1-10%","1-10%","1-10%","1-10%","20-30%","80-90%",4,"Low",174.351799,207.5556255
82,2021,"1","Myotis daubentonii",58,2,0.0344827586206897,"ST7624434554","PS","Tucking Mill Hanging",34,59.4,64.23619551,3,50,8,0,0,1,11.96,"Western Hemlock","Bramble","20-30%","1-10%","1-10%","1-10%","1-10%","1-10%","20-30%","80-90%",4,"Low",174.351799,207.5556255
82,2021,"1","Plecotus auritus",58,5,0.0862068965517241,"ST7624434554","PS","Tucking Mill Hanging",34,59.4,64.23619551,3,50,8,0,0,1,11.96,"Western Hemlock","Bramble","20-30%","1-10%","1-10%","1-10%","1-10%","1-10%","20-30%","80-90%",4,"Low",174.351799,207.5556255
82,2021,"1","Barbastella barbastellus",58,8,0.137931034482759,"ST7624434554","PS","Tucking Mill Hanging",34,59.4,64.23619551,3,50,8,0,0,1,11.96,"Western Hemlock","Bramble","20-30%","1-10%","1-10%","1-10%","1-10%","1-10%","20-30%","80-90%",4,"Low",174.351799,207.5556255
82,2021,"1","Nyctalus noctula",58,2,0.0344827586206897,"ST7624434554","PS","Tucking Mill Hanging",34,59.4,64.23619551,3,50,8,0,0,1,11.96,"Western Hemlock","Bramble","20-30%","1-10%","1-10%","1-10%","1-10%","1-10%","20-30%","80-90%",4,"Low",174.351799,207.5556255
82,2021,"1","Pipistrellus pygmaeus",58,9,0.155172413793103,"ST7624434554","PS","Tucking Mill Hanging",34,59.4,64.23619551,3,50,8,0,0,1,11.96,"Western Hemlock","Bramble","20-30%","1-10%","1-10%","1-10%","1-10%","1-10%","20-30%","80-90%",4,"Low",174.351799,207.5556255
82,2021,"2","Myotis nattereri",61,1,0.0163934426229508,"ST7624434554","PS","Tucking Mill Hanging",34,59.4,64.23619551,3,50,8,0,0,1,11.96,"Western Hemlock","Bramble","20-30%","1-10%","1-10%","1-10%","1-10%","1-10%","20-30%","80-90%",4,"Low",174.351799,207.5556255
82,2021,"2","Myotis mystacinus/brandtii",61,2,0.0327868852459016,"ST7624434554","PS","Tucking Mill Hanging",34,59.4,64.23619551,3,50,8,0,0,1,11.96,"Western Hemlock","Bramble","20-30%","1-10%","1-10%","1-10%","1-10%","1-10%","20-30%","80-90%",4,"Low",174.351799,207.5556255
82,2021,"2","Pipistrellus pipistrellus",61,2,0.0327868852459016,"ST7624434554","PS","Tucking Mill Hanging",34,59.4,64.23619551,3,50,8,0,0,1,11.96,"Western Hemlock","Bramble","20-30%","1-10%","1-10%","1-10%","1-10%","1-10%","20-30%","80-90%",4,"Low",174.351799,207.5556255
82,2021,"2","Eptesicus serotinus",61,1,0.0163934426229508,"ST7624434554","PS","Tucking Mill Hanging",34,59.4,64.23619551,3,50,8,0,0,1,11.96,"Western Hemlock","Bramble","20-30%","1-10%","1-10%","1-10%","1-10%","1-10%","20-30%","80-90%",4,"Low",174.351799,207.5556255
82,2021,"2","Myotis daubentonii",61,4,0.0655737704918033,"ST7624434554","PS","Tucking Mill Hanging",34,59.4,64.23619551,3,50,8,0,0,1,11.96,"Western Hemlock","Bramble","20-30%","1-10%","1-10%","1-10%","1-10%","1-10%","20-30%","80-90%",4,"Low",174.351799,207.5556255
82,2021,"2","Plecotus auritus",61,1,0.0163934426229508,"ST7624434554","PS","Tucking Mill Hanging",34,59.4,64.23619551,3,50,8,0,0,1,11.96,"Western Hemlock","Bramble","20-30%","1-10%","1-10%","1-10%","1-10%","1-10%","20-30%","80-90%",4,"Low",174.351799,207.5556255
82,2021,"2","Barbastella barbastellus",61,6,0.0983606557377049,"ST7624434554","PS","Tucking Mill Hanging",34,59.4,64.23619551,3,50,8,0,0,1,11.96,"Western Hemlock","Bramble","20-30%","1-10%","1-10%","1-10%","1-10%","1-10%","20-30%","80-90%",4,"Low",174.351799,207.5556255
82,2021,"2","Nyctalus noctula",61,2,0.0327868852459016,"ST7624434554","PS","Tucking Mill Hanging",34,59.4,64.23619551,3,50,8,0,0,1,11.96,"Western Hemlock","Bramble","20-30%","1-10%","1-10%","1-10%","1-10%","1-10%","20-30%","80-90%",4,"Low",174.351799,207.5556255
82,2021,"2","Pipistrellus pygmaeus",61,17,0.278688524590164,"ST7624434554","PS","Tucking Mill Hanging",34,59.4,64.23619551,3,50,8,0,0,1,11.96,"Western Hemlock","Bramble","20-30%","1-10%","1-10%","1-10%","1-10%","1-10%","20-30%","80-90%",4,"Low",174.351799,207.5556255
87,2021,"1","Eptesicus serotinus",57,2,0.0350877192982456,"ST7612434674","PS","Park Hill",36,51.2,33.5691368,5,40,11,0,0,0,12.74,"Western Hemlock","Bramble","30-40%","1-10%","1-10%","1-10%","0","40-50%","40-50%","30-40%",6,"High",174.7838593,203.367683
87,2021,"1","Myotis nattereri",57,2,0.0350877192982456,"ST7612434674","PS","Park Hill",36,51.2,33.5691368,5,40,11,0,0,0,12.74,"Western Hemlock","Bramble","30-40%","1-10%","1-10%","1-10%","0","40-50%","40-50%","30-40%",6,"High",174.7838593,203.367683
87,2021,"1","Myotis mystacinus/brandtii",57,2,0.0350877192982456,"ST7612434674","PS","Park Hill",36,51.2,33.5691368,5,40,11,0,0,0,12.74,"Western Hemlock","Bramble","30-40%","1-10%","1-10%","1-10%","0","40-50%","40-50%","30-40%",6,"High",174.7838593,203.367683
87,2021,"1","Myotis daubentonii",57,2,0.0350877192982456,"ST7612434674","PS","Park Hill",36,51.2,33.5691368,5,40,11,0,0,0,12.74,"Western Hemlock","Bramble","30-40%","1-10%","1-10%","1-10%","0","40-50%","40-50%","30-40%",6,"High",174.7838593,203.367683
87,2021,"1","Plecotus auritus",57,6,0.105263157894737,"ST7612434674","PS","Park Hill",36,51.2,33.5691368,5,40,11,0,0,0,12.74,"Western Hemlock","Bramble","30-40%","1-10%","1-10%","1-10%","0","40-50%","40-50%","30-40%",6,"High",174.7838593,203.367683
87,2021,"1","Barbastella barbastellus",57,2,0.0350877192982456,"ST7612434674","PS","Park Hill",36,51.2,33.5691368,5,40,11,0,0,0,12.74,"Western Hemlock","Bramble","30-40%","1-10%","1-10%","1-10%","0","40-50%","40-50%","30-40%",6,"High",174.7838593,203.367683
87,2021,"1","Pipistrellus pipistrellus",57,7,0.12280701754386,"ST7612434674","PS","Park Hill",36,51.2,33.5691368,5,40,11,0,0,0,12.74,"Western Hemlock","Bramble","30-40%","1-10%","1-10%","1-10%","0","40-50%","40-50%","30-40%",6,"High",174.7838593,203.367683
87,2021,"1","Nyctalus noctula",57,6,0.105263157894737,"ST7612434674","PS","Park Hill",36,51.2,33.5691368,5,40,11,0,0,0,12.74,"Western Hemlock","Bramble","30-40%","1-10%","1-10%","1-10%","0","40-50%","40-50%","30-40%",6,"High",174.7838593,203.367683
87,2021,"1","Pipistrellus pygmaeus",57,5,0.087719298245614,"ST7612434674","PS","Park Hill",36,51.2,33.5691368,5,40,11,0,0,0,12.74,"Western Hemlock","Bramble","30-40%","1-10%","1-10%","1-10%","0","40-50%","40-50%","30-40%",6,"High",174.7838593,203.367683
87,2021,"2","Nyctalus noctula",60,3,0.05,"ST7612434674","PS","Park Hill",36,51.2,33.5691368,5,40,11,0,0,0,12.74,"Western Hemlock","Bramble","30-40%","1-10%","1-10%","1-10%","0","40-50%","40-50%","30-40%",6,"High",174.7838593,203.367683
87,2021,"2","Myotis nattereri",60,2,0.0333333333333333,"ST7612434674","PS","Park Hill",36,51.2,33.5691368,5,40,11,0,0,0,12.74,"Western Hemlock","Bramble","30-40%","1-10%","1-10%","1-10%","0","40-50%","40-50%","30-40%",6,"High",174.7838593,203.367683
87,2021,"2","Pipistrellus pipistrellus",60,6,0.1,"ST7612434674","PS","Park Hill",36,51.2,33.5691368,5,40,11,0,0,0,12.74,"Western Hemlock","Bramble","30-40%","1-10%","1-10%","1-10%","0","40-50%","40-50%","30-40%",6,"High",174.7838593,203.367683
87,2021,"2","Eptesicus serotinus",60,1,0.0166666666666667,"ST7612434674","PS","Park Hill",36,51.2,33.5691368,5,40,11,0,0,0,12.74,"Western Hemlock","Bramble","30-40%","1-10%","1-10%","1-10%","0","40-50%","40-50%","30-40%",6,"High",174.7838593,203.367683
87,2021,"2","Barbastella barbastellus",60,4,0.0666666666666667,"ST7612434674","PS","Park Hill",36,51.2,33.5691368,5,40,11,0,0,0,12.74,"Western Hemlock","Bramble","30-40%","1-10%","1-10%","1-10%","0","40-50%","40-50%","30-40%",6,"High",174.7838593,203.367683
87,2021,"2","Myotis mystacinus/brandtii",60,3,0.05,"ST7612434674","PS","Park Hill",36,51.2,33.5691368,5,40,11,0,0,0,12.74,"Western Hemlock","Bramble","30-40%","1-10%","1-10%","1-10%","0","40-50%","40-50%","30-40%",6,"High",174.7838593,203.367683
87,2021,"2","Plecotus auritus",60,3,0.05,"ST7612434674","PS","Park Hill",36,51.2,33.5691368,5,40,11,0,0,0,12.74,"Western Hemlock","Bramble","30-40%","1-10%","1-10%","1-10%","0","40-50%","40-50%","30-40%",6,"High",174.7838593,203.367683
87,2021,"2","Myotis daubentonii",60,3,0.05,"ST7612434674","PS","Park Hill",36,51.2,33.5691368,5,40,11,0,0,0,12.74,"Western Hemlock","Bramble","30-40%","1-10%","1-10%","1-10%","0","40-50%","40-50%","30-40%",6,"High",174.7838593,203.367683
87,2021,"2","Pipistrellus pygmaeus",60,7,0.116666666666667,"ST7612434674","PS","Park Hill",36,51.2,33.5691368,5,40,11,0,0,0,12.74,"Western Hemlock","Bramble","30-40%","1-10%","1-10%","1-10%","0","40-50%","40-50%","30-40%",6,"High",174.7838593,203.367683
89,2021,"1","Myotis daubentonii",55,2,0.0363636363636364,"ST7648434314","PS","Tucking Mill Hanging",42,58.4,69.32533764,6,25,11,10,10,2,11.96,"Douglas Fir","Bracken","40-50%","70-80%","20-30%","0","1-10%","10-20%","20-30%","80-90%",4,"Low",173.1977507,199.5612472
89,2021,"1","Pipistrellus pipistrellus",55,1,0.0181818181818182,"ST7648434314","PS","Tucking Mill Hanging",42,58.4,69.32533764,6,25,11,10,10,2,11.96,"Douglas Fir","Bracken","40-50%","70-80%","20-30%","0","1-10%","10-20%","20-30%","80-90%",4,"Low",173.1977507,199.5612472
89,2021,"1","Plecotus auritus",55,6,0.109090909090909,"ST7648434314","PS","Tucking Mill Hanging",42,58.4,69.32533764,6,25,11,10,10,2,11.96,"Douglas Fir","Bracken","40-50%","70-80%","20-30%","0","1-10%","10-20%","20-30%","80-90%",4,"Low",173.1977507,199.5612472
89,2021,"1","Myotis mystacinus/brandtii",55,2,0.0363636363636364,"ST7648434314","PS","Tucking Mill Hanging",42,58.4,69.32533764,6,25,11,10,10,2,11.96,"Douglas Fir","Bracken","40-50%","70-80%","20-30%","0","1-10%","10-20%","20-30%","80-90%",4,"Low",173.1977507,199.5612472
89,2021,"1","Eptesicus serotinus",55,1,0.0181818181818182,"ST7648434314","PS","Tucking Mill Hanging",42,58.4,69.32533764,6,25,11,10,10,2,11.96,"Douglas Fir","Bracken","40-50%","70-80%","20-30%","0","1-10%","10-20%","20-30%","80-90%",4,"Low",173.1977507,199.5612472
89,2021,"1","Nyctalus noctula",55,2,0.0363636363636364,"ST7648434314","PS","Tucking Mill Hanging",42,58.4,69.32533764,6,25,11,10,10,2,11.96,"Douglas Fir","Bracken","40-50%","70-80%","20-30%","0","1-10%","10-20%","20-30%","80-90%",4,"Low",173.1977507,199.5612472
89,2021,"1","Barbastella barbastellus",55,2,0.0363636363636364,"ST7648434314","PS","Tucking Mill Hanging",42,58.4,69.32533764,6,25,11,10,10,2,11.96,"Douglas Fir","Bracken","40-50%","70-80%","20-30%","0","1-10%","10-20%","20-30%","80-90%",4,"Low",173.1977507,199.5612472
89,2021,"1","Pipistrellus pygmaeus",55,16,0.290909090909091,"ST7648434314","PS","Tucking Mill Hanging",42,58.4,69.32533764,6,25,11,10,10,2,11.96,"Douglas Fir","Bracken","40-50%","70-80%","20-30%","0","1-10%","10-20%","20-30%","80-90%",4,"Low",173.1977507,199.5612472
89,2021,"2","Eptesicus serotinus",60,2,0.0333333333333333,"ST7648434314","PS","Tucking Mill Hanging",42,58.4,69.32533764,6,25,11,10,10,2,11.96,"Douglas Fir","Bracken","40-50%","70-80%","20-30%","0","1-10%","10-20%","20-30%","80-90%",4,"Low",173.1977507,199.5612472
89,2021,"2","Pipistrellus pipistrellus",60,2,0.0333333333333333,"ST7648434314","PS","Tucking Mill Hanging",42,58.4,69.32533764,6,25,11,10,10,2,11.96,"Douglas Fir","Bracken","40-50%","70-80%","20-30%","0","1-10%","10-20%","20-30%","80-90%",4,"Low",173.1977507,199.5612472
89,2021,"2","Plecotus auritus",60,3,0.05,"ST7648434314","PS","Tucking Mill Hanging",42,58.4,69.32533764,6,25,11,10,10,2,11.96,"Douglas Fir","Bracken","40-50%","70-80%","20-30%","0","1-10%","10-20%","20-30%","80-90%",4,"Low",173.1977507,199.5612472
89,2021,"2","Barbastella barbastellus",60,2,0.0333333333333333,"ST7648434314","PS","Tucking Mill Hanging",42,58.4,69.32533764,6,25,11,10,10,2,11.96,"Douglas Fir","Bracken","40-50%","70-80%","20-30%","0","1-10%","10-20%","20-30%","80-90%",4,"Low",173.1977507,199.5612472
89,2021,"2","Nyctalus noctula",60,5,0.0833333333333333,"ST7648434314","PS","Tucking Mill Hanging",42,58.4,69.32533764,6,25,11,10,10,2,11.96,"Douglas Fir","Bracken","40-50%","70-80%","20-30%","0","1-10%","10-20%","20-30%","80-90%",4,"Low",173.1977507,199.5612472
89,2021,"2","Myotis nattereri",60,1,0.0166666666666667,"ST7648434314","PS","Tucking Mill Hanging",42,58.4,69.32533764,6,25,11,10,10,2,11.96,"Douglas Fir","Bracken","40-50%","70-80%","20-30%","0","1-10%","10-20%","20-30%","80-90%",4,"Low",173.1977507,199.5612472
89,2021,"2","Pipistrellus pygmaeus",60,26,0.433333333333333,"ST7648434314","PS","Tucking Mill Hanging",42,58.4,69.32533764,6,25,11,10,10,2,11.96,"Douglas Fir","Bracken","40-50%","70-80%","20-30%","0","1-10%","10-20%","20-30%","80-90%",4,"Low",173.1977507,199.5612472
91,2021,"1","Nyctalus noctula",54,4,0.0740740740740741,"ST7570432454","SDS","301f",18,47.8,81.9490183,5,20,11,0,0,0,29.64,"Silver Fir","Bracken","30-40%","80-90%","1-10%","0","1-10%","1-10%","10-20%","70-80%",5,"Low",156.1547606,198.4584627
91,2021,"1","Plecotus auritus",54,6,0.111111111111111,"ST7570432454","SDS","301f",18,47.8,81.9490183,5,20,11,0,0,0,29.64,"Silver Fir","Bracken","30-40%","80-90%","1-10%","0","1-10%","1-10%","10-20%","70-80%",5,"Low",156.1547606,198.4584627
91,2021,"1","Eptesicus serotinus",54,2,0.037037037037037,"ST7570432454","SDS","301f",18,47.8,81.9490183,5,20,11,0,0,0,29.64,"Silver Fir","Bracken","30-40%","80-90%","1-10%","0","1-10%","1-10%","10-20%","70-80%",5,"Low",156.1547606,198.4584627
91,2021,"1","Pipistrellus pygmaeus",54,15,0.277777777777778,"ST7570432454","SDS","301f",18,47.8,81.9490183,5,20,11,0,0,0,29.64,"Silver Fir","Bracken","30-40%","80-90%","1-10%","0","1-10%","1-10%","10-20%","70-80%",5,"Low",156.1547606,198.4584627
91,2021,"1","Pipistrellus pipistrellus",54,3,0.0555555555555556,"ST7570432454","SDS","301f",18,47.8,81.9490183,5,20,11,0,0,0,29.64,"Silver Fir","Bracken","30-40%","80-90%","1-10%","0","1-10%","1-10%","10-20%","70-80%",5,"Low",156.1547606,198.4584627
91,2021,"2","Plecotus auritus",58,1,0.0172413793103448,"ST7570432454","SDS","301f",18,47.8,81.9490183,5,20,11,0,0,0,29.64,"Silver Fir","Bracken","30-40%","80-90%","1-10%","0","1-10%","1-10%","10-20%","70-80%",5,"Low",156.1547606,198.4584627
91,2021,"2","Barbastella barbastellus",58,6,0.103448275862069,"ST7570432454","SDS","301f",18,47.8,81.9490183,5,20,11,0,0,0,29.64,"Silver Fir","Bracken","30-40%","80-90%","1-10%","0","1-10%","1-10%","10-20%","70-80%",5,"Low",156.1547606,198.4584627
91,2021,"2","Eptesicus serotinus",58,1,0.0172413793103448,"ST7570432454","SDS","301f",18,47.8,81.9490183,5,20,11,0,0,0,29.64,"Silver Fir","Bracken","30-40%","80-90%","1-10%","0","1-10%","1-10%","10-20%","70-80%",5,"Low",156.1547606,198.4584627
91,2021,"2","Nyctalus noctula",58,3,0.0517241379310345,"ST7570432454","SDS","301f",18,47.8,81.9490183,5,20,11,0,0,0,29.64,"Silver Fir","Bracken","30-40%","80-90%","1-10%","0","1-10%","1-10%","10-20%","70-80%",5,"Low",156.1547606,198.4584627
91,2021,"2","Pipistrellus pipistrellus",58,2,0.0344827586206897,"ST7570432454","SDS","301f",18,47.8,81.9490183,5,20,11,0,0,0,29.64,"Silver Fir","Bracken","30-40%","80-90%","1-10%","0","1-10%","1-10%","10-20%","70-80%",5,"Low",156.1547606,198.4584627
91,2021,"2","Pipistrellus pygmaeus",58,16,0.275862068965517,"ST7570432454","SDS","301f",18,47.8,81.9490183,5,20,11,0,0,0,29.64,"Silver Fir","Bracken","30-40%","80-90%","1-10%","0","1-10%","1-10%","10-20%","70-80%",5,"Low",156.1547606,198.4584627
93,2021,"1","Barbastella barbastellus",57,1,0.0175438596491228,"ST7642434434","PS","Tucking Mill Hanging",36,54.2,90.20297519,4,60,13,0,0,1,14.82,"Douglas Fir","Bracken","40-50%","70-80%","20-30%","1-10%","1-10%","50-60%","1-10%","70-80%",3,"Low",185.288867,198.7786201
93,2021,"1","Myotis nattereri",57,2,0.0350877192982456,"ST7642434434","PS","Tucking Mill Hanging",36,54.2,90.20297519,4,60,13,0,0,1,14.82,"Douglas Fir","Bracken","40-50%","70-80%","20-30%","1-10%","1-10%","50-60%","1-10%","70-80%",3,"Low",185.288867,198.7786201
93,2021,"1","Nyctalus noctula",57,1,0.0175438596491228,"ST7642434434","PS","Tucking Mill Hanging",36,54.2,90.20297519,4,60,13,0,0,1,14.82,"Douglas Fir","Bracken","40-50%","70-80%","20-30%","1-10%","1-10%","50-60%","1-10%","70-80%",3,"Low",185.288867,198.7786201
93,2021,"1","Pipistrellus pygmaeus",57,5,0.087719298245614,"ST7642434434","PS","Tucking Mill Hanging",36,54.2,90.20297519,4,60,13,0,0,1,14.82,"Douglas Fir","Bracken","40-50%","70-80%","20-30%","1-10%","1-10%","50-60%","1-10%","70-80%",3,"Low",185.288867,198.7786201
93,2021,"2","Barbastella barbastellus",52,3,0.0576923076923077,"ST7642434434","PS","Tucking Mill Hanging",36,54.2,90.20297519,4,60,13,0,0,1,14.82,"Douglas Fir","Bracken","40-50%","70-80%","20-30%","1-10%","1-10%","50-60%","1-10%","70-80%",3,"Low",185.288867,198.7786201
93,2021,"2","Myotis mystacinus/brandtii",52,1,0.0192307692307692,"ST7642434434","PS","Tucking Mill Hanging",36,54.2,90.20297519,4,60,13,0,0,1,14.82,"Douglas Fir","Bracken","40-50%","70-80%","20-30%","1-10%","1-10%","50-60%","1-10%","70-80%",3,"Low",185.288867,198.7786201
93,2021,"2","Myotis daubentonii",52,4,0.0769230769230769,"ST7642434434","PS","Tucking Mill Hanging",36,54.2,90.20297519,4,60,13,0,0,1,14.82,"Douglas Fir","Bracken","40-50%","70-80%","20-30%","1-10%","1-10%","50-60%","1-10%","70-80%",3,"Low",185.288867,198.7786201
93,2021,"2","Nyctalus noctula",52,5,0.0961538461538462,"ST7642434434","PS","Tucking Mill Hanging",36,54.2,90.20297519,4,60,13,0,0,1,14.82,"Douglas Fir","Bracken","40-50%","70-80%","20-30%","1-10%","1-10%","50-60%","1-10%","70-80%",3,"Low",185.288867,198.7786201
93,2021,"2","Pipistrellus pygmaeus",52,5,0.0961538461538462,"ST7642434434","PS","Tucking Mill Hanging",36,54.2,90.20297519,4,60,13,0,0,1,14.82,"Douglas Fir","Bracken","40-50%","70-80%","20-30%","1-10%","1-10%","50-60%","1-10%","70-80%",3,"Low",185.288867,198.7786201
97,2021,"1","Myotis mystacinus/brandtii",56,1,0.0178571428571429,"ST7522433714","SDS","204a",18,44.2,114.4152694,8,18,6,0,4,0,71.5,"Hazel","Grasses","30-40%","30-40%","10-20%","50-60%","1-10%","1-10%","1-10%","20-30%",4,"Low",122.9974091,169.9733343
97,2021,"1","Plecotus auritus",56,6,0.107142857142857,"ST7522433714","SDS","204a",18,44.2,114.4152694,8,18,6,0,4,0,71.5,"Hazel","Grasses","30-40%","30-40%","10-20%","50-60%","1-10%","1-10%","1-10%","20-30%",4,"Low",122.9974091,169.9733343
97,2021,"1","Myotis nattereri",56,4,0.0714285714285714,"ST7522433714","SDS","204a",18,44.2,114.4152694,8,18,6,0,4,0,71.5,"Hazel","Grasses","30-40%","30-40%","10-20%","50-60%","1-10%","1-10%","1-10%","20-30%",4,"Low",122.9974091,169.9733343
97,2021,"1","Myotis daubentonii",56,1,0.0178571428571429,"ST7522433714","SDS","204a",18,44.2,114.4152694,8,18,6,0,4,0,71.5,"Hazel","Grasses","30-40%","30-40%","10-20%","50-60%","1-10%","1-10%","1-10%","20-30%",4,"Low",122.9974091,169.9733343
97,2021,"1","Nyctalus noctula",56,5,0.0892857142857143,"ST7522433714","SDS","204a",18,44.2,114.4152694,8,18,6,0,4,0,71.5,"Hazel","Grasses","30-40%","30-40%","10-20%","50-60%","1-10%","1-10%","1-10%","20-30%",4,"Low",122.9974091,169.9733343
97,2021,"1","Pipistrellus pygmaeus",56,7,0.125,"ST7522433714","SDS","204a",18,44.2,114.4152694,8,18,6,0,4,0,71.5,"Hazel","Grasses","30-40%","30-40%","10-20%","50-60%","1-10%","1-10%","1-10%","20-30%",4,"Low",122.9974091,169.9733343
97,2021,"1","Barbastella barbastellus",56,7,0.125,"ST7522433714","SDS","204a",18,44.2,114.4152694,8,18,6,0,4,0,71.5,"Hazel","Grasses","30-40%","30-40%","10-20%","50-60%","1-10%","1-10%","1-10%","20-30%",4,"Low",122.9974091,169.9733343
97,2021,"1","Pipistrellus pipistrellus",56,14,0.25,"ST7522433714","SDS","204a",18,44.2,114.4152694,8,18,6,0,4,0,71.5,"Hazel","Grasses","30-40%","30-40%","10-20%","50-60%","1-10%","1-10%","1-10%","20-30%",4,"Low",122.9974091,169.9733343
97,2021,"2","Plecotus auritus",44,1,0.0227272727272727,"ST7522433714","SDS","204a",18,44.2,114.4152694,8,18,6,0,4,0,71.5,"Hazel","Grasses","30-40%","30-40%","10-20%","50-60%","1-10%","1-10%","1-10%","20-30%",4,"Low",122.9974091,169.9733343
97,2021,"2","Myotis mystacinus/brandtii",44,3,0.0681818181818182,"ST7522433714","SDS","204a",18,44.2,114.4152694,8,18,6,0,4,0,71.5,"Hazel","Grasses","30-40%","30-40%","10-20%","50-60%","1-10%","1-10%","1-10%","20-30%",4,"Low",122.9974091,169.9733343
97,2021,"2","Eptesicus serotinus",44,6,0.136363636363636,"ST7522433714","SDS","204a",18,44.2,114.4152694,8,18,6,0,4,0,71.5,"Hazel","Grasses","30-40%","30-40%","10-20%","50-60%","1-10%","1-10%","1-10%","20-30%",4,"Low",122.9974091,169.9733343
97,2021,"2","Myotis daubentonii",44,3,0.0681818181818182,"ST7522433714","SDS","204a",18,44.2,114.4152694,8,18,6,0,4,0,71.5,"Hazel","Grasses","30-40%","30-40%","10-20%","50-60%","1-10%","1-10%","1-10%","20-30%",4,"Low",122.9974091,169.9733343
97,2021,"2","Pipistrellus pygmaeus",44,25,0.568181818181818,"ST7522433714","SDS","204a",18,44.2,114.4152694,8,18,6,0,4,0,71.5,"Hazel","Grasses","30-40%","30-40%","10-20%","50-60%","1-10%","1-10%","1-10%","20-30%",4,"Low",122.9974091,169.9733343
97,2021,"2","Myotis nattereri",44,6,0.136363636363636,"ST7522433714","SDS","204a",18,44.2,114.4152694,8,18,6,0,4,0,71.5,"Hazel","Grasses","30-40%","30-40%","10-20%","50-60%","1-10%","1-10%","1-10%","20-30%",4,"Low",122.9974091,169.9733343
97,2021,"2","Barbastella barbastellus",44,3,0.0681818181818182,"ST7522433714","SDS","204a",18,44.2,114.4152694,8,18,6,0,4,0,71.5,"Hazel","Grasses","30-40%","30-40%","10-20%","50-60%","1-10%","1-10%","1-10%","20-30%",4,"Low",122.9974091,169.9733343
97,2021,"2","Nyctalus noctula",44,11,0.25,"ST7522433714","SDS","204a",18,44.2,114.4152694,8,18,6,0,4,0,71.5,"Hazel","Grasses","30-40%","30-40%","10-20%","50-60%","1-10%","1-10%","1-10%","20-30%",4,"Low",122.9974091,169.9733343
97,2021,"2","Pipistrellus pipistrellus",44,39,0.886363636363636,"ST7522433714","SDS","204a",18,44.2,114.4152694,8,18,6,0,4,0,71.5,"Hazel","Grasses","30-40%","30-40%","10-20%","50-60%","1-10%","1-10%","1-10%","20-30%",4,"Low",122.9974091,169.9733343
